id,firstname,lastname,email,email2,profession
100,Joane,Olin,Joane.Olin@yopmail.com,Joane.Olin@gmail.com,developer
101,Giustina,Duwalt,Giustina.Duwalt@yopmail.com,Giustina.Duwalt@gmail.com,worker
102,Kellen,Malanie,Kellen.Malanie@yopmail.com,Kellen.Malanie@gmail.com,worker
103,Katuscha,Papageno,Katuscha.Papageno@yopmail.com,Katuscha.Papageno@gmail.com,firefighter
104,Susette,Lowry,Susette.Lowry@yopmail.com,Susette.Lowry@gmail.com,doctor
105,Lusa,Modie,Lusa.Modie@yopmail.com,Lusa.Modie@gmail.com,doctor
106,Anica,Arley,Anica.Arley@yopmail.com,Anica.Arley@gmail.com,police officer
107,Gianina,Quinn,Gianina.Quinn@yopmail.com,Gianina.Quinn@gmail.com,doctor
108,Cecile,Pelagias,Cecile.Pelagias@yopmail.com,Cecile.Pelagias@gmail.com,worker
109,Edyth,Colp,Edyth.Colp@yopmail.com,Edyth.Colp@gmail.com,worker
110,Lucy,Hoenack,Lucy.Hoenack@yopmail.com,Lucy.Hoenack@gmail.com,developer
111,Lanae,Madelene,Lanae.Madelene@yopmail.com,Lanae.Madelene@gmail.com,firefighter
112,Candi,Stilwell,Candi.Stilwell@yopmail.com,Candi.Stilwell@gmail.com,police officer
113,Claudina,Faria,Claudina.Faria@yopmail.com,Claudina.Faria@gmail.com,police officer
114,Libbie,Persse,Libbie.Persse@yopmail.com,Libbie.Persse@gmail.com,police officer
115,Susan,Arathorn,Susan.Arathorn@yopmail.com,Susan.Arathorn@gmail.com,developer
116,Evita,Waldron,Evita.Waldron@yopmail.com,Evita.Waldron@gmail.com,developer
117,Ottilie,Clara,Ottilie.Clara@yopmail.com,Ottilie.Clara@gmail.com,police officer
118,Tomasina,Rubie,Tomasina.Rubie@yopmail.com,Tomasina.Rubie@gmail.com,doctor
119,Marti,Riva,Marti.Riva@yopmail.com,Marti.Riva@gmail.com,doctor
120,Ulrike,Ries,Ulrike.Ries@yopmail.com,Ulrike.Ries@gmail.com,developer
121,Aimil,Erskine,Aimil.Erskine@yopmail.com,Aimil.Erskine@gmail.com,firefighter
122,Marcelline,Joeann,Marcelline.Joeann@yopmail.com,Marcelline.Joeann@gmail.com,developer
123,Evita,Capello,Evita.Capello@yopmail.com,Evita.Capello@gmail.com,developer
124,Danika,Sikorski,Danika.Sikorski@yopmail.com,Danika.Sikorski@gmail.com,firefighter
125,Jacenta,Xerxes,Jacenta.Xerxes@yopmail.com,Jacenta.Xerxes@gmail.com,doctor
126,Romona,Klemperer,Romona.Klemperer@yopmail.com,Romona.Klemperer@gmail.com,doctor
127,Merle,Uund,Merle.Uund@yopmail.com,Merle.Uund@gmail.com,doctor
128,Nadine,Anderea,Nadine.Anderea@yopmail.com,Nadine.Anderea@gmail.com,doctor
129,Joane,Marden,Joane.Marden@yopmail.com,Joane.Marden@gmail.com,developer
130,Orelia,Reidar,Orelia.Reidar@yopmail.com,Orelia.Reidar@gmail.com,developer
131,Madelle,Sasnett,Madelle.Sasnett@yopmail.com,Madelle.Sasnett@gmail.com,worker
132,Jeanna,Valerio,Jeanna.Valerio@yopmail.com,Jeanna.Valerio@gmail.com,police officer
133,Kalina,Burkle,Kalina.Burkle@yopmail.com,Kalina.Burkle@gmail.com,police officer
134,Vonny,Connelly,Vonny.Connelly@yopmail.com,Vonny.Connelly@gmail.com,developer
135,Hallie,Remmer,Hallie.Remmer@yopmail.com,Hallie.Remmer@gmail.com,worker
136,Dulce,Shanley,Dulce.Shanley@yopmail.com,Dulce.Shanley@gmail.com,worker
137,Krystle,Denis,Krystle.Denis@yopmail.com,Krystle.Denis@gmail.com,worker
138,Karlee,Torray,Karlee.Torray@yopmail.com,Karlee.Torray@gmail.com,doctor
139,Mallory,Karl,Mallory.Karl@yopmail.com,Mallory.Karl@gmail.com,developer
140,Suzette,Burnside,Suzette.Burnside@yopmail.com,Suzette.Burnside@gmail.com,developer
141,Jacenta,Monk,Jacenta.Monk@yopmail.com,Jacenta.Monk@gmail.com,police officer
142,Dianemarie,Ade,Dianemarie.Ade@yopmail.com,Dianemarie.Ade@gmail.com,developer
143,Hope,Ledah,Hope.Ledah@yopmail.com,Hope.Ledah@gmail.com,developer
144,Magdalena,Havens,Magdalena.Havens@yopmail.com,Magdalena.Havens@gmail.com,firefighter
145,Sidoney,Pyle,Sidoney.Pyle@yopmail.com,Sidoney.Pyle@gmail.com,firefighter
146,Raina,Rese,Raina.Rese@yopmail.com,Raina.Rese@gmail.com,police officer
147,Ermengarde,Yorick,Ermengarde.Yorick@yopmail.com,Ermengarde.Yorick@gmail.com,worker
148,Romona,Rosemary,Romona.Rosemary@yopmail.com,Romona.Rosemary@gmail.com,developer
149,Robinia,Niccolo,Robinia.Niccolo@yopmail.com,Robinia.Niccolo@gmail.com,police officer
150,Benita,Maribeth,Benita.Maribeth@yopmail.com,Benita.Maribeth@gmail.com,worker
151,Adele,Damarra,Adele.Damarra@yopmail.com,Adele.Damarra@gmail.com,firefighter
152,Vita,Herrera,Vita.Herrera@yopmail.com,Vita.Herrera@gmail.com,doctor
153,Gabi,Raseda,Gabi.Raseda@yopmail.com,Gabi.Raseda@gmail.com,police officer
154,Berget,Janith,Berget.Janith@yopmail.com,Berget.Janith@gmail.com,doctor
155,Ebonee,Mich,Ebonee.Mich@yopmail.com,Ebonee.Mich@gmail.com,doctor
156,Evaleen,Isidore,Evaleen.Isidore@yopmail.com,Evaleen.Isidore@gmail.com,firefighter
157,Brietta,Chesna,Brietta.Chesna@yopmail.com,Brietta.Chesna@gmail.com,worker
158,Maye,Stover,Maye.Stover@yopmail.com,Maye.Stover@gmail.com,developer
159,Nickie,Lindemann,Nickie.Lindemann@yopmail.com,Nickie.Lindemann@gmail.com,doctor
160,Johna,Arquit,Johna.Arquit@yopmail.com,Johna.Arquit@gmail.com,police officer
161,Zia,Joli,Zia.Joli@yopmail.com,Zia.Joli@gmail.com,firefighter
162,Kylynn,Reinke,Kylynn.Reinke@yopmail.com,Kylynn.Reinke@gmail.com,worker
163,Keelia,Kamaria,Keelia.Kamaria@yopmail.com,Keelia.Kamaria@gmail.com,firefighter
164,Dorthy,Cottle,Dorthy.Cottle@yopmail.com,Dorthy.Cottle@gmail.com,police officer
165,Danika,Hanshaw,Danika.Hanshaw@yopmail.com,Danika.Hanshaw@gmail.com,worker
166,Trixi,Birdella,Trixi.Birdella@yopmail.com,Trixi.Birdella@gmail.com,developer
167,Dacia,Gillan,Dacia.Gillan@yopmail.com,Dacia.Gillan@gmail.com,developer
168,Madeleine,Morrill,Madeleine.Morrill@yopmail.com,Madeleine.Morrill@gmail.com,firefighter
169,Meg,Nea,Meg.Nea@yopmail.com,Meg.Nea@gmail.com,worker
170,Carly,Uund,Carly.Uund@yopmail.com,Carly.Uund@gmail.com,doctor
171,Courtnay,Dawkins,Courtnay.Dawkins@yopmail.com,Courtnay.Dawkins@gmail.com,firefighter
172,Caritta,Linehan,Caritta.Linehan@yopmail.com,Caritta.Linehan@gmail.com,police officer
173,Cristabel,Standing,Cristabel.Standing@yopmail.com,Cristabel.Standing@gmail.com,doctor
174,Gilligan,Pozzy,Gilligan.Pozzy@yopmail.com,Gilligan.Pozzy@gmail.com,police officer
175,Kayla,Olympium,Kayla.Olympium@yopmail.com,Kayla.Olympium@gmail.com,worker
176,Diena,Dyche,Diena.Dyche@yopmail.com,Diena.Dyche@gmail.com,doctor
177,Tiffie,Ingra,Tiffie.Ingra@yopmail.com,Tiffie.Ingra@gmail.com,doctor
178,Elka,An,Elka.An@yopmail.com,Elka.An@gmail.com,developer
179,Belinda,Peg,Belinda.Peg@yopmail.com,Belinda.Peg@gmail.com,doctor
180,Rayna,Sherfield,Rayna.Sherfield@yopmail.com,Rayna.Sherfield@gmail.com,doctor
181,Desirae,Sibyls,Desirae.Sibyls@yopmail.com,Desirae.Sibyls@gmail.com,worker
182,Elmira,Giff,Elmira.Giff@yopmail.com,Elmira.Giff@gmail.com,developer
183,Janey,Bahr,Janey.Bahr@yopmail.com,Janey.Bahr@gmail.com,worker
184,Ivett,Jotham,Ivett.Jotham@yopmail.com,Ivett.Jotham@gmail.com,doctor
185,Mamie,Wadell,Mamie.Wadell@yopmail.com,Mamie.Wadell@gmail.com,developer
186,Dominga,Bultman,Dominga.Bultman@yopmail.com,Dominga.Bultman@gmail.com,developer
187,Mureil,Vary,Mureil.Vary@yopmail.com,Mureil.Vary@gmail.com,doctor
188,Zaria,Rubie,Zaria.Rubie@yopmail.com,Zaria.Rubie@gmail.com,police officer
189,Emelina,Rebecka,Emelina.Rebecka@yopmail.com,Emelina.Rebecka@gmail.com,doctor
190,Anthia,Westphal,Anthia.Westphal@yopmail.com,Anthia.Westphal@gmail.com,police officer
191,Fina,Dyche,Fina.Dyche@yopmail.com,Fina.Dyche@gmail.com,police officer
192,Karena,Linskey,Karena.Linskey@yopmail.com,Karena.Linskey@gmail.com,police officer
193,Jsandye,Eben,Jsandye.Eben@yopmail.com,Jsandye.Eben@gmail.com,doctor
194,Carree,Alice,Carree.Alice@yopmail.com,Carree.Alice@gmail.com,developer
195,Cristabel,Nester,Cristabel.Nester@yopmail.com,Cristabel.Nester@gmail.com,doctor
196,Karina,Jehu,Karina.Jehu@yopmail.com,Karina.Jehu@gmail.com,doctor
197,Bee,Zaslow,Bee.Zaslow@yopmail.com,Bee.Zaslow@gmail.com,developer
198,Fawne,Ilka,Fawne.Ilka@yopmail.com,Fawne.Ilka@gmail.com,firefighter
199,Quintina,Ilka,Quintina.Ilka@yopmail.com,Quintina.Ilka@gmail.com,firefighter
200,Lelah,Camden,Lelah.Camden@yopmail.com,Lelah.Camden@gmail.com,doctor
201,Rosene,Hoenack,Rosene.Hoenack@yopmail.com,Rosene.Hoenack@gmail.com,firefighter
202,Jessamyn,Buffum,Jessamyn.Buffum@yopmail.com,Jessamyn.Buffum@gmail.com,firefighter
203,Ilse,Wilona,Ilse.Wilona@yopmail.com,Ilse.Wilona@gmail.com,developer
204,Margarette,Lubin,Margarette.Lubin@yopmail.com,Margarette.Lubin@gmail.com,doctor
205,Darci,Levey,Darci.Levey@yopmail.com,Darci.Levey@gmail.com,developer
206,Lelah,Ailyn,Lelah.Ailyn@yopmail.com,Lelah.Ailyn@gmail.com,developer
207,Tani,Timon,Tani.Timon@yopmail.com,Tani.Timon@gmail.com,firefighter
208,Flory,Goode,Flory.Goode@yopmail.com,Flory.Goode@gmail.com,developer
209,Claudina,Ezar,Claudina.Ezar@yopmail.com,Claudina.Ezar@gmail.com,doctor
210,Jinny,Cherianne,Jinny.Cherianne@yopmail.com,Jinny.Cherianne@gmail.com,developer
211,Celestyna,Annice,Celestyna.Annice@yopmail.com,Celestyna.Annice@gmail.com,developer
212,Oralee,Lemuela,Oralee.Lemuela@yopmail.com,Oralee.Lemuela@gmail.com,doctor
213,Lory,Pyle,Lory.Pyle@yopmail.com,Lory.Pyle@gmail.com,doctor
214,Arabel,Astra,Arabel.Astra@yopmail.com,Arabel.Astra@gmail.com,firefighter
215,Berget,Milson,Berget.Milson@yopmail.com,Berget.Milson@gmail.com,developer
216,Cam,Barney,Cam.Barney@yopmail.com,Cam.Barney@gmail.com,firefighter
217,Stephanie,Ferrell,Stephanie.Ferrell@yopmail.com,Stephanie.Ferrell@gmail.com,police officer
218,Imojean,Zola,Imojean.Zola@yopmail.com,Imojean.Zola@gmail.com,worker
219,Rochette,Edvard,Rochette.Edvard@yopmail.com,Rochette.Edvard@gmail.com,developer
220,Ada,Olympium,Ada.Olympium@yopmail.com,Ada.Olympium@gmail.com,firefighter
221,Lanna,Morgun,Lanna.Morgun@yopmail.com,Lanna.Morgun@gmail.com,doctor
222,Celestyna,Aprile,Celestyna.Aprile@yopmail.com,Celestyna.Aprile@gmail.com,doctor
223,Ardenia,Brenn,Ardenia.Brenn@yopmail.com,Ardenia.Brenn@gmail.com,developer
224,Darci,Ries,Darci.Ries@yopmail.com,Darci.Ries@gmail.com,police officer
225,Tani,Germann,Tani.Germann@yopmail.com,Tani.Germann@gmail.com,firefighter
226,Vere,Serilda,Vere.Serilda@yopmail.com,Vere.Serilda@gmail.com,worker
227,Theodora,Zamora,Theodora.Zamora@yopmail.com,Theodora.Zamora@gmail.com,developer
228,Sarette,Bakerman,Sarette.Bakerman@yopmail.com,Sarette.Bakerman@gmail.com,firefighter
229,Ricky,Marijo,Ricky.Marijo@yopmail.com,Ricky.Marijo@gmail.com,doctor
230,Bettine,Bahr,Bettine.Bahr@yopmail.com,Bettine.Bahr@gmail.com,police officer
231,Alejandra,Anselmi,Alejandra.Anselmi@yopmail.com,Alejandra.Anselmi@gmail.com,police officer
232,Merrie,Raychel,Merrie.Raychel@yopmail.com,Merrie.Raychel@gmail.com,doctor
233,Roseline,Alcott,Roseline.Alcott@yopmail.com,Roseline.Alcott@gmail.com,firefighter
234,Karly,Maiah,Karly.Maiah@yopmail.com,Karly.Maiah@gmail.com,worker
235,Correy,Weitman,Correy.Weitman@yopmail.com,Correy.Weitman@gmail.com,developer
236,Shaine,Amethist,Shaine.Amethist@yopmail.com,Shaine.Amethist@gmail.com,developer
237,Gratia,Paine,Gratia.Paine@yopmail.com,Gratia.Paine@gmail.com,doctor
238,Ezmeralda,Cleo,Ezmeralda.Cleo@yopmail.com,Ezmeralda.Cleo@gmail.com,developer
239,Myriam,Lindemann,Myriam.Lindemann@yopmail.com,Myriam.Lindemann@gmail.com,developer
240,Jan,Cordi,Jan.Cordi@yopmail.com,Jan.Cordi@gmail.com,firefighter
241,Sonni,Emmaline,Sonni.Emmaline@yopmail.com,Sonni.Emmaline@gmail.com,police officer
242,Ruthe,Clywd,Ruthe.Clywd@yopmail.com,Ruthe.Clywd@gmail.com,developer
243,Danny,Earlie,Danny.Earlie@yopmail.com,Danny.Earlie@gmail.com,firefighter
244,Suzette,Heidt,Suzette.Heidt@yopmail.com,Suzette.Heidt@gmail.com,firefighter
245,Heddie,Maxi,Heddie.Maxi@yopmail.com,Heddie.Maxi@gmail.com,worker
246,Jan,Charity,Jan.Charity@yopmail.com,Jan.Charity@gmail.com,police officer
247,Judy,Wandie,Judy.Wandie@yopmail.com,Judy.Wandie@gmail.com,police officer
248,Maurene,Ammann,Maurene.Ammann@yopmail.com,Maurene.Ammann@gmail.com,worker
249,Ivett,Killigrew,Ivett.Killigrew@yopmail.com,Ivett.Killigrew@gmail.com,developer
250,Latisha,Berl,Latisha.Berl@yopmail.com,Latisha.Berl@gmail.com,doctor
251,Adriana,Bebe,Adriana.Bebe@yopmail.com,Adriana.Bebe@gmail.com,worker
252,Steffane,Germann,Steffane.Germann@yopmail.com,Steffane.Germann@gmail.com,worker
253,Sybille,Dyche,Sybille.Dyche@yopmail.com,Sybille.Dyche@gmail.com,police officer
254,Tilly,Kaete,Tilly.Kaete@yopmail.com,Tilly.Kaete@gmail.com,doctor
255,Florencia,Jerald,Florencia.Jerald@yopmail.com,Florencia.Jerald@gmail.com,worker
256,Elfreda,Marisa,Elfreda.Marisa@yopmail.com,Elfreda.Marisa@gmail.com,developer
257,Yvonne,Slifka,Yvonne.Slifka@yopmail.com,Yvonne.Slifka@gmail.com,firefighter
258,Gale,Hartnett,Gale.Hartnett@yopmail.com,Gale.Hartnett@gmail.com,doctor
259,Hildegaard,Kendrick,Hildegaard.Kendrick@yopmail.com,Hildegaard.Kendrick@gmail.com,worker
260,Gerianna,Soneson,Gerianna.Soneson@yopmail.com,Gerianna.Soneson@gmail.com,worker
261,Millie,Kesley,Millie.Kesley@yopmail.com,Millie.Kesley@gmail.com,firefighter
262,Marline,Colleen,Marline.Colleen@yopmail.com,Marline.Colleen@gmail.com,worker
263,Sophia,Abbot,Sophia.Abbot@yopmail.com,Sophia.Abbot@gmail.com,developer
264,Lorie,Hailee,Lorie.Hailee@yopmail.com,Lorie.Hailee@gmail.com,police officer
265,Nita,Moina,Nita.Moina@yopmail.com,Nita.Moina@gmail.com,developer
266,Meghann,Rolf,Meghann.Rolf@yopmail.com,Meghann.Rolf@gmail.com,firefighter
267,Lorie,McLaughlin,Lorie.McLaughlin@yopmail.com,Lorie.McLaughlin@gmail.com,police officer
268,Rochette,Bollay,Rochette.Bollay@yopmail.com,Rochette.Bollay@gmail.com,worker
269,Marjie,Karna,Marjie.Karna@yopmail.com,Marjie.Karna@gmail.com,worker
270,Dyann,Goddard,Dyann.Goddard@yopmail.com,Dyann.Goddard@gmail.com,firefighter
271,Marnia,Maisey,Marnia.Maisey@yopmail.com,Marnia.Maisey@gmail.com,doctor
272,Merrie,Annice,Merrie.Annice@yopmail.com,Merrie.Annice@gmail.com,police officer
273,Silvana,Edison,Silvana.Edison@yopmail.com,Silvana.Edison@gmail.com,police officer
274,Elmira,Tomasina,Elmira.Tomasina@yopmail.com,Elmira.Tomasina@gmail.com,doctor
275,Jaime,Delacourt,Jaime.Delacourt@yopmail.com,Jaime.Delacourt@gmail.com,developer
276,Dominga,Narton,Dominga.Narton@yopmail.com,Dominga.Narton@gmail.com,developer
277,Shannah,Zenas,Shannah.Zenas@yopmail.com,Shannah.Zenas@gmail.com,firefighter
278,Claresta,Fillbert,Claresta.Fillbert@yopmail.com,Claresta.Fillbert@gmail.com,doctor
279,Harrietta,Chinua,Harrietta.Chinua@yopmail.com,Harrietta.Chinua@gmail.com,police officer
280,Rosabelle,Stilwell,Rosabelle.Stilwell@yopmail.com,Rosabelle.Stilwell@gmail.com,firefighter
281,Etta,Kannry,Etta.Kannry@yopmail.com,Etta.Kannry@gmail.com,firefighter
282,Jessamyn,Magnolia,Jessamyn.Magnolia@yopmail.com,Jessamyn.Magnolia@gmail.com,developer
283,Lita,Brian,Lita.Brian@yopmail.com,Lita.Brian@gmail.com,police officer
284,Atlanta,Hailee,Atlanta.Hailee@yopmail.com,Atlanta.Hailee@gmail.com,doctor
285,Carol-Jean,Geffner,Carol-Jean.Geffner@yopmail.com,Carol-Jean.Geffner@gmail.com,police officer
286,Cassandra,Revkah,Cassandra.Revkah@yopmail.com,Cassandra.Revkah@gmail.com,police officer
287,Gilda,Noam,Gilda.Noam@yopmail.com,Gilda.Noam@gmail.com,worker
288,Lily,Roumell,Lily.Roumell@yopmail.com,Lily.Roumell@gmail.com,developer
289,Tori,Erlandson,Tori.Erlandson@yopmail.com,Tori.Erlandson@gmail.com,doctor
290,Ellette,Billye,Ellette.Billye@yopmail.com,Ellette.Billye@gmail.com,doctor
291,Chandra,Rudolph,Chandra.Rudolph@yopmail.com,Chandra.Rudolph@gmail.com,developer
292,Tina,Grobe,Tina.Grobe@yopmail.com,Tina.Grobe@gmail.com,firefighter
293,Penelopa,Sandye,Penelopa.Sandye@yopmail.com,Penelopa.Sandye@gmail.com,doctor
294,Maud,Weinreb,Maud.Weinreb@yopmail.com,Maud.Weinreb@gmail.com,police officer
295,Danny,Graig,Danny.Graig@yopmail.com,Danny.Graig@gmail.com,doctor
296,Debee,Gemini,Debee.Gemini@yopmail.com,Debee.Gemini@gmail.com,developer
297,Donetta,Simmonds,Donetta.Simmonds@yopmail.com,Donetta.Simmonds@gmail.com,developer
298,Tina,Devlen,Tina.Devlen@yopmail.com,Tina.Devlen@gmail.com,worker
299,Roslyn,Carbo,Roslyn.Carbo@yopmail.com,Roslyn.Carbo@gmail.com,firefighter
300,Noelle,Maxi,Noelle.Maxi@yopmail.com,Noelle.Maxi@gmail.com,doctor
301,Fayre,Atcliffe,Fayre.Atcliffe@yopmail.com,Fayre.Atcliffe@gmail.com,developer
302,Tarra,Naor,Tarra.Naor@yopmail.com,Tarra.Naor@gmail.com,police officer
303,Drucie,Dituri,Drucie.Dituri@yopmail.com,Drucie.Dituri@gmail.com,police officer
304,Marylou,Sidonius,Marylou.Sidonius@yopmail.com,Marylou.Sidonius@gmail.com,developer
305,Roz,Arathorn,Roz.Arathorn@yopmail.com,Roz.Arathorn@gmail.com,worker
306,Sharai,Isacco,Sharai.Isacco@yopmail.com,Sharai.Isacco@gmail.com,doctor
307,Neila,Aurelio,Neila.Aurelio@yopmail.com,Neila.Aurelio@gmail.com,doctor
308,Dolli,Yoko,Dolli.Yoko@yopmail.com,Dolli.Yoko@gmail.com,worker
309,Harrietta,Urias,Harrietta.Urias@yopmail.com,Harrietta.Urias@gmail.com,developer
310,Maye,Saree,Maye.Saree@yopmail.com,Maye.Saree@gmail.com,doctor
311,Hyacinthe,Ehrman,Hyacinthe.Ehrman@yopmail.com,Hyacinthe.Ehrman@gmail.com,police officer
312,Rubie,Malanie,Rubie.Malanie@yopmail.com,Rubie.Malanie@gmail.com,developer
313,Peri,Karl,Peri.Karl@yopmail.com,Peri.Karl@gmail.com,doctor
314,Catharine,Norrie,Catharine.Norrie@yopmail.com,Catharine.Norrie@gmail.com,worker
315,Jordan,Cottle,Jordan.Cottle@yopmail.com,Jordan.Cottle@gmail.com,firefighter
316,Marleah,Belldas,Marleah.Belldas@yopmail.com,Marleah.Belldas@gmail.com,worker
317,Loree,Codding,Loree.Codding@yopmail.com,Loree.Codding@gmail.com,worker
318,Evaleen,Skurnik,Evaleen.Skurnik@yopmail.com,Evaleen.Skurnik@gmail.com,firefighter
319,Aimil,Lay,Aimil.Lay@yopmail.com,Aimil.Lay@gmail.com,developer
320,Lory,Tyson,Lory.Tyson@yopmail.com,Lory.Tyson@gmail.com,doctor
321,Wendi,Gillan,Wendi.Gillan@yopmail.com,Wendi.Gillan@gmail.com,developer
322,Dolli,Nea,Dolli.Nea@yopmail.com,Dolli.Nea@gmail.com,developer
323,Lolita,Gaspard,Lolita.Gaspard@yopmail.com,Lolita.Gaspard@gmail.com,doctor
324,Kristina,Bibi,Kristina.Bibi@yopmail.com,Kristina.Bibi@gmail.com,developer
325,Mary,Holtz,Mary.Holtz@yopmail.com,Mary.Holtz@gmail.com,firefighter
326,Brena,Clarissa,Brena.Clarissa@yopmail.com,Brena.Clarissa@gmail.com,worker
327,Juliane,Hoban,Juliane.Hoban@yopmail.com,Juliane.Hoban@gmail.com,developer
328,Aubrie,Gilbertson,Aubrie.Gilbertson@yopmail.com,Aubrie.Gilbertson@gmail.com,worker
329,Tina,Dichy,Tina.Dichy@yopmail.com,Tina.Dichy@gmail.com,police officer
330,Gusella,Odell,Gusella.Odell@yopmail.com,Gusella.Odell@gmail.com,developer
331,Caryl,Pascia,Caryl.Pascia@yopmail.com,Caryl.Pascia@gmail.com,firefighter
332,Rochette,Telfer,Rochette.Telfer@yopmail.com,Rochette.Telfer@gmail.com,doctor
333,Arlina,Zetta,Arlina.Zetta@yopmail.com,Arlina.Zetta@gmail.com,developer
334,Suzette,Hurley,Suzette.Hurley@yopmail.com,Suzette.Hurley@gmail.com,worker
335,Emelina,Ricki,Emelina.Ricki@yopmail.com,Emelina.Ricki@gmail.com,doctor
336,Sindee,Hartnett,Sindee.Hartnett@yopmail.com,Sindee.Hartnett@gmail.com,developer
337,Kara-Lynn,Ramona,Kara-Lynn.Ramona@yopmail.com,Kara-Lynn.Ramona@gmail.com,developer
338,Willetta,Eachern,Willetta.Eachern@yopmail.com,Willetta.Eachern@gmail.com,developer
339,Hermione,Paine,Hermione.Paine@yopmail.com,Hermione.Paine@gmail.com,police officer
340,Celisse,Erich,Celisse.Erich@yopmail.com,Celisse.Erich@gmail.com,firefighter
341,Elsie,Socha,Elsie.Socha@yopmail.com,Elsie.Socha@gmail.com,developer
342,Rhea,Brandice,Rhea.Brandice@yopmail.com,Rhea.Brandice@gmail.com,police officer
343,Edith,Zina,Edith.Zina@yopmail.com,Edith.Zina@gmail.com,doctor
344,Georgina,Berne,Georgina.Berne@yopmail.com,Georgina.Berne@gmail.com,firefighter
345,Tracey,Kelula,Tracey.Kelula@yopmail.com,Tracey.Kelula@gmail.com,police officer
346,Mureil,Frodi,Mureil.Frodi@yopmail.com,Mureil.Frodi@gmail.com,worker
347,Lesly,Cordi,Lesly.Cordi@yopmail.com,Lesly.Cordi@gmail.com,police officer
348,Aaren,Selway,Aaren.Selway@yopmail.com,Aaren.Selway@gmail.com,developer
349,Stacey,Magdalen,Stacey.Magdalen@yopmail.com,Stacey.Magdalen@gmail.com,firefighter
350,Myriam,Morgun,Myriam.Morgun@yopmail.com,Myriam.Morgun@gmail.com,worker
351,Andree,Kosey,Andree.Kosey@yopmail.com,Andree.Kosey@gmail.com,doctor
352,Renie,Mathilde,Renie.Mathilde@yopmail.com,Renie.Mathilde@gmail.com,doctor
353,Beatriz,Soneson,Beatriz.Soneson@yopmail.com,Beatriz.Soneson@gmail.com,police officer
354,Stevana,Hamil,Stevana.Hamil@yopmail.com,Stevana.Hamil@gmail.com,firefighter
355,Edyth,Hamil,Edyth.Hamil@yopmail.com,Edyth.Hamil@gmail.com,developer
356,Margalo,McNully,Margalo.McNully@yopmail.com,Margalo.McNully@gmail.com,developer
357,Marleah,Kunin,Marleah.Kunin@yopmail.com,Marleah.Kunin@gmail.com,doctor
358,Eve,Dimitris,Eve.Dimitris@yopmail.com,Eve.Dimitris@gmail.com,doctor
359,Dulcinea,Dreda,Dulcinea.Dreda@yopmail.com,Dulcinea.Dreda@gmail.com,firefighter
360,Eve,Fry,Eve.Fry@yopmail.com,Eve.Fry@gmail.com,firefighter
361,Sharai,Fitzsimmons,Sharai.Fitzsimmons@yopmail.com,Sharai.Fitzsimmons@gmail.com,firefighter
362,Sandie,Edvard,Sandie.Edvard@yopmail.com,Sandie.Edvard@gmail.com,firefighter
363,Hildegaard,Johnsson,Hildegaard.Johnsson@yopmail.com,Hildegaard.Johnsson@gmail.com,doctor
364,Willetta,Ephrem,Willetta.Ephrem@yopmail.com,Willetta.Ephrem@gmail.com,developer
365,Bernardine,Lilas,Bernardine.Lilas@yopmail.com,Bernardine.Lilas@gmail.com,worker
366,Cindelyn,Pernick,Cindelyn.Pernick@yopmail.com,Cindelyn.Pernick@gmail.com,worker
367,Tarra,Sharl,Tarra.Sharl@yopmail.com,Tarra.Sharl@gmail.com,developer
368,Annora,Artie,Annora.Artie@yopmail.com,Annora.Artie@gmail.com,developer
369,Emma,Damarra,Emma.Damarra@yopmail.com,Emma.Damarra@gmail.com,firefighter
370,Lindie,Adlare,Lindie.Adlare@yopmail.com,Lindie.Adlare@gmail.com,firefighter
371,Gabi,Maiah,Gabi.Maiah@yopmail.com,Gabi.Maiah@gmail.com,police officer
372,Lulita,Vastah,Lulita.Vastah@yopmail.com,Lulita.Vastah@gmail.com,developer
373,Kara-Lynn,Parette,Kara-Lynn.Parette@yopmail.com,Kara-Lynn.Parette@gmail.com,police officer
374,Brianna,Barrus,Brianna.Barrus@yopmail.com,Brianna.Barrus@gmail.com,police officer
375,Ernesta,Vittoria,Ernesta.Vittoria@yopmail.com,Ernesta.Vittoria@gmail.com,developer
376,Gui,Kazimir,Gui.Kazimir@yopmail.com,Gui.Kazimir@gmail.com,police officer
377,Cristabel,Anton,Cristabel.Anton@yopmail.com,Cristabel.Anton@gmail.com,firefighter
378,Courtnay,Erb,Courtnay.Erb@yopmail.com,Courtnay.Erb@gmail.com,police officer
379,Bee,Schenck,Bee.Schenck@yopmail.com,Bee.Schenck@gmail.com,doctor
380,Arlena,Susannah,Arlena.Susannah@yopmail.com,Arlena.Susannah@gmail.com,worker
381,Steffane,Anselmi,Steffane.Anselmi@yopmail.com,Steffane.Anselmi@gmail.com,developer
382,Calla,Ranjiv,Calla.Ranjiv@yopmail.com,Calla.Ranjiv@gmail.com,developer
383,Rosanne,Gladstone,Rosanne.Gladstone@yopmail.com,Rosanne.Gladstone@gmail.com,worker
384,Amalie,Han,Amalie.Han@yopmail.com,Amalie.Han@gmail.com,developer
385,Zaria,Dahlia,Zaria.Dahlia@yopmail.com,Zaria.Dahlia@gmail.com,police officer
386,Gertrud,Jacqui,Gertrud.Jacqui@yopmail.com,Gertrud.Jacqui@gmail.com,firefighter
387,Silvana,Goerke,Silvana.Goerke@yopmail.com,Silvana.Goerke@gmail.com,firefighter
388,Marcelline,Presber,Marcelline.Presber@yopmail.com,Marcelline.Presber@gmail.com,doctor
389,Ilse,Louanna,Ilse.Louanna@yopmail.com,Ilse.Louanna@gmail.com,doctor
390,Collen,Phyllis,Collen.Phyllis@yopmail.com,Collen.Phyllis@gmail.com,firefighter
391,Florie,Lilybelle,Florie.Lilybelle@yopmail.com,Florie.Lilybelle@gmail.com,developer
392,Belva,Madaih,Belva.Madaih@yopmail.com,Belva.Madaih@gmail.com,police officer
393,Abbie,Seagraves,Abbie.Seagraves@yopmail.com,Abbie.Seagraves@gmail.com,doctor
394,Karlee,Saint,Karlee.Saint@yopmail.com,Karlee.Saint@gmail.com,doctor
395,Sophia,Rogerio,Sophia.Rogerio@yopmail.com,Sophia.Rogerio@gmail.com,police officer
396,Zia,Lareena,Zia.Lareena@yopmail.com,Zia.Lareena@gmail.com,doctor
397,Mary,Lemuela,Mary.Lemuela@yopmail.com,Mary.Lemuela@gmail.com,police officer
398,Thalia,Ball,Thalia.Ball@yopmail.com,Thalia.Ball@gmail.com,developer
399,Marti,Faso,Marti.Faso@yopmail.com,Marti.Faso@gmail.com,developer
400,Kaja,Ciapas,Kaja.Ciapas@yopmail.com,Kaja.Ciapas@gmail.com,firefighter
401,Christian,Obed,Christian.Obed@yopmail.com,Christian.Obed@gmail.com,firefighter
402,Edee,Duwalt,Edee.Duwalt@yopmail.com,Edee.Duwalt@gmail.com,police officer
403,Orsola,Couture,Orsola.Couture@yopmail.com,Orsola.Couture@gmail.com,police officer
404,Corina,Maiah,Corina.Maiah@yopmail.com,Corina.Maiah@gmail.com,developer
405,Elyssa,Sholley,Elyssa.Sholley@yopmail.com,Elyssa.Sholley@gmail.com,worker
406,Fernande,Schlosser,Fernande.Schlosser@yopmail.com,Fernande.Schlosser@gmail.com,doctor
407,Merry,Junie,Merry.Junie@yopmail.com,Merry.Junie@gmail.com,worker
408,Ilse,Modie,Ilse.Modie@yopmail.com,Ilse.Modie@gmail.com,police officer
409,Raf,Phi,Raf.Phi@yopmail.com,Raf.Phi@gmail.com,police officer
410,Marti,Lay,Marti.Lay@yopmail.com,Marti.Lay@gmail.com,doctor
411,Willetta,Amadas,Willetta.Amadas@yopmail.com,Willetta.Amadas@gmail.com,firefighter
412,Raina,Xerxes,Raina.Xerxes@yopmail.com,Raina.Xerxes@gmail.com,police officer
413,Valeda,Si,Valeda.Si@yopmail.com,Valeda.Si@gmail.com,police officer
414,Liana,Howlyn,Liana.Howlyn@yopmail.com,Liana.Howlyn@gmail.com,firefighter
415,Katuscha,Travax,Katuscha.Travax@yopmail.com,Katuscha.Travax@gmail.com,firefighter
416,Lusa,Dituri,Lusa.Dituri@yopmail.com,Lusa.Dituri@gmail.com,doctor
417,Hannis,Phyllis,Hannis.Phyllis@yopmail.com,Hannis.Phyllis@gmail.com,police officer
418,Georgina,Dex,Georgina.Dex@yopmail.com,Georgina.Dex@gmail.com,firefighter
419,Leanna,Cherianne,Leanna.Cherianne@yopmail.com,Leanna.Cherianne@gmail.com,police officer
420,Arlina,Rustice,Arlina.Rustice@yopmail.com,Arlina.Rustice@gmail.com,developer
421,Elvira,Bonilla,Elvira.Bonilla@yopmail.com,Elvira.Bonilla@gmail.com,firefighter
422,Mariele,Bach,Mariele.Bach@yopmail.com,Mariele.Bach@gmail.com,firefighter
423,Fernande,Felecia,Fernande.Felecia@yopmail.com,Fernande.Felecia@gmail.com,worker
424,Ebonee,Hanshaw,Ebonee.Hanshaw@yopmail.com,Ebonee.Hanshaw@gmail.com,developer
425,Brena,Camden,Brena.Camden@yopmail.com,Brena.Camden@gmail.com,police officer
426,Norine,Dex,Norine.Dex@yopmail.com,Norine.Dex@gmail.com,worker
427,Bobinette,Cullin,Bobinette.Cullin@yopmail.com,Bobinette.Cullin@gmail.com,doctor
428,Joy,Roarke,Joy.Roarke@yopmail.com,Joy.Roarke@gmail.com,police officer
429,Elora,Tamsky,Elora.Tamsky@yopmail.com,Elora.Tamsky@gmail.com,firefighter
430,Monika,Mandler,Monika.Mandler@yopmail.com,Monika.Mandler@gmail.com,firefighter
431,Ebonee,Dudley,Ebonee.Dudley@yopmail.com,Ebonee.Dudley@gmail.com,police officer
432,Inga,Genna,Inga.Genna@yopmail.com,Inga.Genna@gmail.com,developer
433,Fawne,Artie,Fawne.Artie@yopmail.com,Fawne.Artie@gmail.com,doctor
434,Vevay,Lytton,Vevay.Lytton@yopmail.com,Vevay.Lytton@gmail.com,police officer
435,Nerta,Chrystel,Nerta.Chrystel@yopmail.com,Nerta.Chrystel@gmail.com,worker
436,Ana,Talia,Ana.Talia@yopmail.com,Ana.Talia@gmail.com,police officer
437,Goldie,Oster,Goldie.Oster@yopmail.com,Goldie.Oster@gmail.com,firefighter
438,Joelly,Gillan,Joelly.Gillan@yopmail.com,Joelly.Gillan@gmail.com,worker
439,Shaylyn,Nelsen,Shaylyn.Nelsen@yopmail.com,Shaylyn.Nelsen@gmail.com,doctor
440,Jaclyn,Bashemeth,Jaclyn.Bashemeth@yopmail.com,Jaclyn.Bashemeth@gmail.com,developer
441,Livvyy,Kress,Livvyy.Kress@yopmail.com,Livvyy.Kress@gmail.com,police officer
442,Margette,Yoko,Margette.Yoko@yopmail.com,Margette.Yoko@gmail.com,worker
443,Fina,Hachmin,Fina.Hachmin@yopmail.com,Fina.Hachmin@gmail.com,police officer
444,Carree,Alejoa,Carree.Alejoa@yopmail.com,Carree.Alejoa@gmail.com,doctor
445,Kalina,Harday,Kalina.Harday@yopmail.com,Kalina.Harday@gmail.com,developer
446,Stacey,Cherianne,Stacey.Cherianne@yopmail.com,Stacey.Cherianne@gmail.com,police officer
447,Carmela,Loeb,Carmela.Loeb@yopmail.com,Carmela.Loeb@gmail.com,worker
448,Marsiella,Madox,Marsiella.Madox@yopmail.com,Marsiella.Madox@gmail.com,developer
449,Jordan,Urias,Jordan.Urias@yopmail.com,Jordan.Urias@gmail.com,doctor
450,Phylis,Pozzy,Phylis.Pozzy@yopmail.com,Phylis.Pozzy@gmail.com,police officer
451,Johna,Gwenore,Johna.Gwenore@yopmail.com,Johna.Gwenore@gmail.com,doctor
452,Ricky,Lytton,Ricky.Lytton@yopmail.com,Ricky.Lytton@gmail.com,doctor
453,Bill,Ursulette,Bill.Ursulette@yopmail.com,Bill.Ursulette@gmail.com,police officer
454,Gilligan,Earlie,Gilligan.Earlie@yopmail.com,Gilligan.Earlie@gmail.com,police officer
455,Alejandra,Goddard,Alejandra.Goddard@yopmail.com,Alejandra.Goddard@gmail.com,doctor
456,Dania,Kravits,Dania.Kravits@yopmail.com,Dania.Kravits@gmail.com,doctor
457,Sissy,Durante,Sissy.Durante@yopmail.com,Sissy.Durante@gmail.com,worker
458,Chloris,Daveta,Chloris.Daveta@yopmail.com,Chloris.Daveta@gmail.com,police officer
459,Adelle,Mintz,Adelle.Mintz@yopmail.com,Adelle.Mintz@gmail.com,developer
460,Bernardine,Bollay,Bernardine.Bollay@yopmail.com,Bernardine.Bollay@gmail.com,worker
461,Adriana,Maiah,Adriana.Maiah@yopmail.com,Adriana.Maiah@gmail.com,worker
462,Regina,Fink,Regina.Fink@yopmail.com,Regina.Fink@gmail.com,doctor
463,Halette,Bartlett,Halette.Bartlett@yopmail.com,Halette.Bartlett@gmail.com,police officer
464,Daphne,Baylor,Daphne.Baylor@yopmail.com,Daphne.Baylor@gmail.com,worker
465,Sissy,MacIntosh,Sissy.MacIntosh@yopmail.com,Sissy.MacIntosh@gmail.com,worker
466,Demetris,Selway,Demetris.Selway@yopmail.com,Demetris.Selway@gmail.com,worker
467,Maridel,Arley,Maridel.Arley@yopmail.com,Maridel.Arley@gmail.com,worker
468,Alia,Ortrude,Alia.Ortrude@yopmail.com,Alia.Ortrude@gmail.com,worker
469,Beth,Land,Beth.Land@yopmail.com,Beth.Land@gmail.com,worker
470,Miquela,Melony,Miquela.Melony@yopmail.com,Miquela.Melony@gmail.com,developer
471,Michaelina,Chesna,Michaelina.Chesna@yopmail.com,Michaelina.Chesna@gmail.com,worker
472,Isa,Sisile,Isa.Sisile@yopmail.com,Isa.Sisile@gmail.com,worker
473,Shel,Joeann,Shel.Joeann@yopmail.com,Shel.Joeann@gmail.com,police officer
474,Claresta,Waite,Claresta.Waite@yopmail.com,Claresta.Waite@gmail.com,developer
475,Hettie,Honoria,Hettie.Honoria@yopmail.com,Hettie.Honoria@gmail.com,developer
476,Bibby,Marlie,Bibby.Marlie@yopmail.com,Bibby.Marlie@gmail.com,doctor
477,Daphne,Stevy,Daphne.Stevy@yopmail.com,Daphne.Stevy@gmail.com,doctor
478,Zaria,Berl,Zaria.Berl@yopmail.com,Zaria.Berl@gmail.com,police officer
479,Nanete,Etom,Nanete.Etom@yopmail.com,Nanete.Etom@gmail.com,developer
480,Beatriz,Bultman,Beatriz.Bultman@yopmail.com,Beatriz.Bultman@gmail.com,firefighter
481,Jennica,Jary,Jennica.Jary@yopmail.com,Jennica.Jary@gmail.com,worker
482,Nonnah,Iiette,Nonnah.Iiette@yopmail.com,Nonnah.Iiette@gmail.com,doctor
483,Ethel,Seessel,Ethel.Seessel@yopmail.com,Ethel.Seessel@gmail.com,doctor
484,Beverley,Burch,Beverley.Burch@yopmail.com,Beverley.Burch@gmail.com,firefighter
485,Ayn,Myrilla,Ayn.Myrilla@yopmail.com,Ayn.Myrilla@gmail.com,doctor
486,Patricia,Evangelia,Patricia.Evangelia@yopmail.com,Patricia.Evangelia@gmail.com,developer
487,Sandie,Diann,Sandie.Diann@yopmail.com,Sandie.Diann@gmail.com,doctor
488,Augustine,Shaddock,Augustine.Shaddock@yopmail.com,Augustine.Shaddock@gmail.com,firefighter
489,Wynne,Decato,Wynne.Decato@yopmail.com,Wynne.Decato@gmail.com,police officer
490,Valli,Waldron,Valli.Waldron@yopmail.com,Valli.Waldron@gmail.com,police officer
491,Vevay,Silvan,Vevay.Silvan@yopmail.com,Vevay.Silvan@gmail.com,developer
492,Clarice,Kylander,Clarice.Kylander@yopmail.com,Clarice.Kylander@gmail.com,police officer
493,Augustine,Poll,Augustine.Poll@yopmail.com,Augustine.Poll@gmail.com,police officer
494,Merle,Sabella,Merle.Sabella@yopmail.com,Merle.Sabella@gmail.com,developer
495,Flo,Herrera,Flo.Herrera@yopmail.com,Flo.Herrera@gmail.com,doctor
496,Cassondra,Larochelle,Cassondra.Larochelle@yopmail.com,Cassondra.Larochelle@gmail.com,firefighter
497,Shaylyn,Burnside,Shaylyn.Burnside@yopmail.com,Shaylyn.Burnside@gmail.com,police officer
498,Kristan,Hertzfeld,Kristan.Hertzfeld@yopmail.com,Kristan.Hertzfeld@gmail.com,worker
499,Mellicent,Narton,Mellicent.Narton@yopmail.com,Mellicent.Narton@gmail.com,worker
500,Dacia,Devlen,Dacia.Devlen@yopmail.com,Dacia.Devlen@gmail.com,firefighter
501,Kirstin,McAdams,Kirstin.McAdams@yopmail.com,Kirstin.McAdams@gmail.com,developer
502,Mallory,Flyn,Mallory.Flyn@yopmail.com,Mallory.Flyn@gmail.com,police officer
503,Cathie,Carolin,Cathie.Carolin@yopmail.com,Cathie.Carolin@gmail.com,worker
504,Dolli,Chem,Dolli.Chem@yopmail.com,Dolli.Chem@gmail.com,worker
505,Lusa,Sallyann,Lusa.Sallyann@yopmail.com,Lusa.Sallyann@gmail.com,police officer
506,Trixi,Mathilde,Trixi.Mathilde@yopmail.com,Trixi.Mathilde@gmail.com,police officer
507,Myrtice,Curren,Myrtice.Curren@yopmail.com,Myrtice.Curren@gmail.com,firefighter
508,Brandise,Lasley,Brandise.Lasley@yopmail.com,Brandise.Lasley@gmail.com,developer
509,Molli,Othilia,Molli.Othilia@yopmail.com,Molli.Othilia@gmail.com,doctor
510,Heida,Pascia,Heida.Pascia@yopmail.com,Heida.Pascia@gmail.com,firefighter
511,Silvana,Drisko,Silvana.Drisko@yopmail.com,Silvana.Drisko@gmail.com,worker
512,Berget,Melan,Berget.Melan@yopmail.com,Berget.Melan@gmail.com,developer
513,Dode,Kunin,Dode.Kunin@yopmail.com,Dode.Kunin@gmail.com,doctor
514,Dede,Belldas,Dede.Belldas@yopmail.com,Dede.Belldas@gmail.com,firefighter
515,Lelah,Colp,Lelah.Colp@yopmail.com,Lelah.Colp@gmail.com,doctor
516,Rayna,Capello,Rayna.Capello@yopmail.com,Rayna.Capello@gmail.com,worker
517,Emelina,Suk,Emelina.Suk@yopmail.com,Emelina.Suk@gmail.com,police officer
518,Teddie,Fairweather,Teddie.Fairweather@yopmail.com,Teddie.Fairweather@gmail.com,police officer
519,Caritta,Bibi,Caritta.Bibi@yopmail.com,Caritta.Bibi@gmail.com,developer
520,Raina,Zetta,Raina.Zetta@yopmail.com,Raina.Zetta@gmail.com,doctor
521,Therine,Leopold,Therine.Leopold@yopmail.com,Therine.Leopold@gmail.com,firefighter
522,Clo,Phi,Clo.Phi@yopmail.com,Clo.Phi@gmail.com,worker
523,Gwenneth,Baylor,Gwenneth.Baylor@yopmail.com,Gwenneth.Baylor@gmail.com,police officer
524,Minda,Dunkin,Minda.Dunkin@yopmail.com,Minda.Dunkin@gmail.com,doctor
525,Carol-Jean,Wadell,Carol-Jean.Wadell@yopmail.com,Carol-Jean.Wadell@gmail.com,doctor
526,Rori,Michella,Rori.Michella@yopmail.com,Rori.Michella@gmail.com,firefighter
527,Dorothy,Johanna,Dorothy.Johanna@yopmail.com,Dorothy.Johanna@gmail.com,worker
528,Pearline,Chapland,Pearline.Chapland@yopmail.com,Pearline.Chapland@gmail.com,firefighter
529,Kirstin,Sundin,Kirstin.Sundin@yopmail.com,Kirstin.Sundin@gmail.com,developer
530,Amara,Ochs,Amara.Ochs@yopmail.com,Amara.Ochs@gmail.com,developer
531,Debee,Callista,Debee.Callista@yopmail.com,Debee.Callista@gmail.com,firefighter
532,Janeczka,Helfand,Janeczka.Helfand@yopmail.com,Janeczka.Helfand@gmail.com,worker
533,Genovera,Berl,Genovera.Berl@yopmail.com,Genovera.Berl@gmail.com,firefighter
534,Steffane,Catie,Steffane.Catie@yopmail.com,Steffane.Catie@gmail.com,firefighter
535,Dotty,Hertzfeld,Dotty.Hertzfeld@yopmail.com,Dotty.Hertzfeld@gmail.com,developer
536,Celestyna,Malanie,Celestyna.Malanie@yopmail.com,Celestyna.Malanie@gmail.com,police officer
537,Norine,Malina,Norine.Malina@yopmail.com,Norine.Malina@gmail.com,firefighter
538,Nadine,Pacorro,Nadine.Pacorro@yopmail.com,Nadine.Pacorro@gmail.com,police officer
539,Fredericka,Jethro,Fredericka.Jethro@yopmail.com,Fredericka.Jethro@gmail.com,developer
540,Emma,Peg,Emma.Peg@yopmail.com,Emma.Peg@gmail.com,developer
541,Zondra,Juan,Zondra.Juan@yopmail.com,Zondra.Juan@gmail.com,police officer
542,Elsie,Cavan,Elsie.Cavan@yopmail.com,Elsie.Cavan@gmail.com,doctor
543,Jasmina,Warthman,Jasmina.Warthman@yopmail.com,Jasmina.Warthman@gmail.com,doctor
544,Tomasina,Prober,Tomasina.Prober@yopmail.com,Tomasina.Prober@gmail.com,worker
545,Rosene,Wesle,Rosene.Wesle@yopmail.com,Rosene.Wesle@gmail.com,firefighter
546,Ardeen,Belanger,Ardeen.Belanger@yopmail.com,Ardeen.Belanger@gmail.com,police officer
547,Noelle,Rubie,Noelle.Rubie@yopmail.com,Noelle.Rubie@gmail.com,doctor
548,Dotty,Charity,Dotty.Charity@yopmail.com,Dotty.Charity@gmail.com,firefighter
549,Lita,Luhe,Lita.Luhe@yopmail.com,Lita.Luhe@gmail.com,police officer
550,Emilia,Guthrie,Emilia.Guthrie@yopmail.com,Emilia.Guthrie@gmail.com,police officer
551,Christal,Lacombe,Christal.Lacombe@yopmail.com,Christal.Lacombe@gmail.com,worker
552,Joeann,Martsen,Joeann.Martsen@yopmail.com,Joeann.Martsen@gmail.com,firefighter
553,Berta,Zenas,Berta.Zenas@yopmail.com,Berta.Zenas@gmail.com,developer
554,Kore,Cynar,Kore.Cynar@yopmail.com,Kore.Cynar@gmail.com,developer
555,Jackie,Noelyn,Jackie.Noelyn@yopmail.com,Jackie.Noelyn@gmail.com,developer
556,Sue,Tillford,Sue.Tillford@yopmail.com,Sue.Tillford@gmail.com,developer
557,Randa,Sasnett,Randa.Sasnett@yopmail.com,Randa.Sasnett@gmail.com,doctor
558,Binny,Monaco,Binny.Monaco@yopmail.com,Binny.Monaco@gmail.com,developer
559,Cissiee,Ardeha,Cissiee.Ardeha@yopmail.com,Cissiee.Ardeha@gmail.com,worker
560,Constance,Flita,Constance.Flita@yopmail.com,Constance.Flita@gmail.com,developer
561,Alia,Fulmer,Alia.Fulmer@yopmail.com,Alia.Fulmer@gmail.com,police officer
562,Trixi,Maryanne,Trixi.Maryanne@yopmail.com,Trixi.Maryanne@gmail.com,police officer
563,Gabi,Bevin,Gabi.Bevin@yopmail.com,Gabi.Bevin@gmail.com,police officer
564,Corene,Emerson,Corene.Emerson@yopmail.com,Corene.Emerson@gmail.com,firefighter
565,Ronna,Monaco,Ronna.Monaco@yopmail.com,Ronna.Monaco@gmail.com,police officer
566,Ernesta,Tremayne,Ernesta.Tremayne@yopmail.com,Ernesta.Tremayne@gmail.com,developer
567,Emylee,Annice,Emylee.Annice@yopmail.com,Emylee.Annice@gmail.com,worker
568,Augustine,Burch,Augustine.Burch@yopmail.com,Augustine.Burch@gmail.com,worker
569,Mary,Frendel,Mary.Frendel@yopmail.com,Mary.Frendel@gmail.com,police officer
570,Rebeca,Cloris,Rebeca.Cloris@yopmail.com,Rebeca.Cloris@gmail.com,developer
571,Sharlene,Joli,Sharlene.Joli@yopmail.com,Sharlene.Joli@gmail.com,developer
572,Zsa Zsa,Fairweather,Zsa Zsa.Fairweather@yopmail.com,Zsa Zsa.Fairweather@gmail.com,firefighter
573,Chere,Lindemann,Chere.Lindemann@yopmail.com,Chere.Lindemann@gmail.com,police officer
574,Joeann,Fitzsimmons,Joeann.Fitzsimmons@yopmail.com,Joeann.Fitzsimmons@gmail.com,doctor
575,Mara,Arathorn,Mara.Arathorn@yopmail.com,Mara.Arathorn@gmail.com,firefighter
576,Elise,McGrody,Elise.McGrody@yopmail.com,Elise.McGrody@gmail.com,doctor
577,Hyacinthe,Kosey,Hyacinthe.Kosey@yopmail.com,Hyacinthe.Kosey@gmail.com,doctor
578,Ernesta,Pyle,Ernesta.Pyle@yopmail.com,Ernesta.Pyle@gmail.com,firefighter
579,Corry,Philoo,Corry.Philoo@yopmail.com,Corry.Philoo@gmail.com,doctor
580,Bill,Kimmie,Bill.Kimmie@yopmail.com,Bill.Kimmie@gmail.com,firefighter
581,Tarra,Wildermuth,Tarra.Wildermuth@yopmail.com,Tarra.Wildermuth@gmail.com,police officer
582,Roxane,Bury,Roxane.Bury@yopmail.com,Roxane.Bury@gmail.com,firefighter
583,Jean,Halla,Jean.Halla@yopmail.com,Jean.Halla@gmail.com,developer
584,Tamqrah,Kenney,Tamqrah.Kenney@yopmail.com,Tamqrah.Kenney@gmail.com,worker
585,Katharina,Marisa,Katharina.Marisa@yopmail.com,Katharina.Marisa@gmail.com,firefighter
586,Lilith,Ailyn,Lilith.Ailyn@yopmail.com,Lilith.Ailyn@gmail.com,developer
587,Winifred,Rad,Winifred.Rad@yopmail.com,Winifred.Rad@gmail.com,worker
588,Iseabal,Teryn,Iseabal.Teryn@yopmail.com,Iseabal.Teryn@gmail.com,developer
589,Candi,Persse,Candi.Persse@yopmail.com,Candi.Persse@gmail.com,worker
590,Fidelia,McCutcheon,Fidelia.McCutcheon@yopmail.com,Fidelia.McCutcheon@gmail.com,doctor
591,Perry,Malina,Perry.Malina@yopmail.com,Perry.Malina@gmail.com,firefighter
592,Carilyn,Salchunas,Carilyn.Salchunas@yopmail.com,Carilyn.Salchunas@gmail.com,worker
593,Nyssa,Emmy,Nyssa.Emmy@yopmail.com,Nyssa.Emmy@gmail.com,worker
594,Margette,Pascia,Margette.Pascia@yopmail.com,Margette.Pascia@gmail.com,police officer
595,Aeriela,Stuart,Aeriela.Stuart@yopmail.com,Aeriela.Stuart@gmail.com,firefighter
596,Trudie,Liebermann,Trudie.Liebermann@yopmail.com,Trudie.Liebermann@gmail.com,doctor
597,Myrtice,Penelopa,Myrtice.Penelopa@yopmail.com,Myrtice.Penelopa@gmail.com,doctor
598,Johna,Berard,Johna.Berard@yopmail.com,Johna.Berard@gmail.com,police officer
599,Sheree,Percy,Sheree.Percy@yopmail.com,Sheree.Percy@gmail.com,developer
600,Myrtice,Jerald,Myrtice.Jerald@yopmail.com,Myrtice.Jerald@gmail.com,worker
601,Rani,Gamaliel,Rani.Gamaliel@yopmail.com,Rani.Gamaliel@gmail.com,doctor
602,Elfreda,Andrel,Elfreda.Andrel@yopmail.com,Elfreda.Andrel@gmail.com,firefighter
603,Madeleine,Berne,Madeleine.Berne@yopmail.com,Madeleine.Berne@gmail.com,firefighter
604,Ronna,Capello,Ronna.Capello@yopmail.com,Ronna.Capello@gmail.com,police officer
605,Ebonee,Lipson,Ebonee.Lipson@yopmail.com,Ebonee.Lipson@gmail.com,police officer
606,Meg,Morrill,Meg.Morrill@yopmail.com,Meg.Morrill@gmail.com,developer
607,Corly,Neva,Corly.Neva@yopmail.com,Corly.Neva@gmail.com,firefighter
608,Sophia,Halsey,Sophia.Halsey@yopmail.com,Sophia.Halsey@gmail.com,worker
609,Keelia,Allys,Keelia.Allys@yopmail.com,Keelia.Allys@gmail.com,doctor
610,Flory,Goode,Flory.Goode@yopmail.com,Flory.Goode@gmail.com,doctor
611,Concettina,Zola,Concettina.Zola@yopmail.com,Concettina.Zola@gmail.com,police officer
612,Ardys,Kenney,Ardys.Kenney@yopmail.com,Ardys.Kenney@gmail.com,worker
613,Karena,Madaih,Karena.Madaih@yopmail.com,Karena.Madaih@gmail.com,worker
614,Cyb,Llovera,Cyb.Llovera@yopmail.com,Cyb.Llovera@gmail.com,worker
615,Frieda,Weinreb,Frieda.Weinreb@yopmail.com,Frieda.Weinreb@gmail.com,doctor
616,Sibella,Etom,Sibella.Etom@yopmail.com,Sibella.Etom@gmail.com,doctor
617,Pearline,Palocz,Pearline.Palocz@yopmail.com,Pearline.Palocz@gmail.com,doctor
618,Donnie,Sinegold,Donnie.Sinegold@yopmail.com,Donnie.Sinegold@gmail.com,police officer
619,Petronia,Uund,Petronia.Uund@yopmail.com,Petronia.Uund@gmail.com,worker
620,Rori,Eben,Rori.Eben@yopmail.com,Rori.Eben@gmail.com,worker
621,Karolina,Bearnard,Karolina.Bearnard@yopmail.com,Karolina.Bearnard@gmail.com,police officer
622,Olivette,Raimondo,Olivette.Raimondo@yopmail.com,Olivette.Raimondo@gmail.com,police officer
623,Adore,Keily,Adore.Keily@yopmail.com,Adore.Keily@gmail.com,firefighter
624,Lorie,Lissi,Lorie.Lissi@yopmail.com,Lorie.Lissi@gmail.com,developer
625,Romona,Noam,Romona.Noam@yopmail.com,Romona.Noam@gmail.com,firefighter
626,Hannis,Jerald,Hannis.Jerald@yopmail.com,Hannis.Jerald@gmail.com,doctor
627,Tobe,Hurley,Tobe.Hurley@yopmail.com,Tobe.Hurley@gmail.com,police officer
628,Genevra,Ephrem,Genevra.Ephrem@yopmail.com,Genevra.Ephrem@gmail.com,doctor
629,Danika,Gabrielli,Danika.Gabrielli@yopmail.com,Danika.Gabrielli@gmail.com,firefighter
630,Misha,Federica,Misha.Federica@yopmail.com,Misha.Federica@gmail.com,police officer
631,Dawn,O'Neill,Dawn.O'Neill@yopmail.com,Dawn.O'Neill@gmail.com,doctor
632,Adriana,Bergman,Adriana.Bergman@yopmail.com,Adriana.Bergman@gmail.com,doctor
633,Ekaterina,Fontana,Ekaterina.Fontana@yopmail.com,Ekaterina.Fontana@gmail.com,developer
634,Sharai,Longfellow,Sharai.Longfellow@yopmail.com,Sharai.Longfellow@gmail.com,developer
635,Paule,Masao,Paule.Masao@yopmail.com,Paule.Masao@gmail.com,police officer
636,Gertrud,Granoff,Gertrud.Granoff@yopmail.com,Gertrud.Granoff@gmail.com,doctor
637,Phylis,Hortensia,Phylis.Hortensia@yopmail.com,Phylis.Hortensia@gmail.com,doctor
638,Constance,Kylander,Constance.Kylander@yopmail.com,Constance.Kylander@gmail.com,doctor
639,Nadine,Saunderson,Nadine.Saunderson@yopmail.com,Nadine.Saunderson@gmail.com,worker
640,Glenda,Kronfeld,Glenda.Kronfeld@yopmail.com,Glenda.Kronfeld@gmail.com,developer
641,Genevra,Hewitt,Genevra.Hewitt@yopmail.com,Genevra.Hewitt@gmail.com,police officer
642,Marline,Ochs,Marline.Ochs@yopmail.com,Marline.Ochs@gmail.com,doctor
643,Basia,Knowling,Basia.Knowling@yopmail.com,Basia.Knowling@gmail.com,developer
644,Agathe,Adalbert,Agathe.Adalbert@yopmail.com,Agathe.Adalbert@gmail.com,developer
645,Therine,Westphal,Therine.Westphal@yopmail.com,Therine.Westphal@gmail.com,police officer
646,Carree,Lory,Carree.Lory@yopmail.com,Carree.Lory@gmail.com,doctor
647,Ginnie,Gualtiero,Ginnie.Gualtiero@yopmail.com,Ginnie.Gualtiero@gmail.com,developer
648,Jacenta,Shaddock,Jacenta.Shaddock@yopmail.com,Jacenta.Shaddock@gmail.com,doctor
649,Ericka,Destinee,Ericka.Destinee@yopmail.com,Ericka.Destinee@gmail.com,doctor
650,Mary,Codding,Mary.Codding@yopmail.com,Mary.Codding@gmail.com,worker
651,Elka,Faust,Elka.Faust@yopmail.com,Elka.Faust@gmail.com,doctor
652,Annice,Audly,Annice.Audly@yopmail.com,Annice.Audly@gmail.com,police officer
653,Mamie,Koehler,Mamie.Koehler@yopmail.com,Mamie.Koehler@gmail.com,worker
654,Yvonne,Greenwald,Yvonne.Greenwald@yopmail.com,Yvonne.Greenwald@gmail.com,worker
655,Coral,Elo,Coral.Elo@yopmail.com,Coral.Elo@gmail.com,firefighter
656,Shannah,Goerke,Shannah.Goerke@yopmail.com,Shannah.Goerke@gmail.com,police officer
657,Paola,Luhe,Paola.Luhe@yopmail.com,Paola.Luhe@gmail.com,worker
658,Jsandye,Berard,Jsandye.Berard@yopmail.com,Jsandye.Berard@gmail.com,firefighter
659,Maridel,Bohlin,Maridel.Bohlin@yopmail.com,Maridel.Bohlin@gmail.com,police officer
660,Trixi,Marden,Trixi.Marden@yopmail.com,Trixi.Marden@gmail.com,developer
661,Maisey,Auberbach,Maisey.Auberbach@yopmail.com,Maisey.Auberbach@gmail.com,developer
662,Kerrin,Ardra,Kerrin.Ardra@yopmail.com,Kerrin.Ardra@gmail.com,worker
663,Edyth,Woodberry,Edyth.Woodberry@yopmail.com,Edyth.Woodberry@gmail.com,doctor
664,Lauryn,Sandye,Lauryn.Sandye@yopmail.com,Lauryn.Sandye@gmail.com,doctor
665,Michaelina,Roxanna,Michaelina.Roxanna@yopmail.com,Michaelina.Roxanna@gmail.com,police officer
666,Melanie,Bashemeth,Melanie.Bashemeth@yopmail.com,Melanie.Bashemeth@gmail.com,doctor
667,Vanessa,Hathaway,Vanessa.Hathaway@yopmail.com,Vanessa.Hathaway@gmail.com,firefighter
668,Vivia,Drisko,Vivia.Drisko@yopmail.com,Vivia.Drisko@gmail.com,doctor
669,Nelle,Bennie,Nelle.Bennie@yopmail.com,Nelle.Bennie@gmail.com,doctor
670,Roseline,Buffum,Roseline.Buffum@yopmail.com,Roseline.Buffum@gmail.com,firefighter
671,Alameda,Noman,Alameda.Noman@yopmail.com,Alameda.Noman@gmail.com,police officer
672,Blondelle,Torray,Blondelle.Torray@yopmail.com,Blondelle.Torray@gmail.com,worker
673,Mariann,Kesley,Mariann.Kesley@yopmail.com,Mariann.Kesley@gmail.com,firefighter
674,Ann-Marie,Jeanne,Ann-Marie.Jeanne@yopmail.com,Ann-Marie.Jeanne@gmail.com,developer
675,Nessie,Rosemary,Nessie.Rosemary@yopmail.com,Nessie.Rosemary@gmail.com,police officer
676,Lizzie,Kazimir,Lizzie.Kazimir@yopmail.com,Lizzie.Kazimir@gmail.com,police officer
677,Florie,Heisel,Florie.Heisel@yopmail.com,Florie.Heisel@gmail.com,police officer
678,Inga,Warthman,Inga.Warthman@yopmail.com,Inga.Warthman@gmail.com,doctor
679,Kirstin,Lissi,Kirstin.Lissi@yopmail.com,Kirstin.Lissi@gmail.com,worker
680,Paulita,Faso,Paulita.Faso@yopmail.com,Paulita.Faso@gmail.com,worker
681,Ottilie,Georgy,Ottilie.Georgy@yopmail.com,Ottilie.Georgy@gmail.com,developer
682,Karlee,Engdahl,Karlee.Engdahl@yopmail.com,Karlee.Engdahl@gmail.com,firefighter
683,Clary,Aloise,Clary.Aloise@yopmail.com,Clary.Aloise@gmail.com,police officer
684,Keelia,Tound,Keelia.Tound@yopmail.com,Keelia.Tound@gmail.com,firefighter
685,Maryellen,Harriman,Maryellen.Harriman@yopmail.com,Maryellen.Harriman@gmail.com,doctor
686,Kara-Lynn,Hartnett,Kara-Lynn.Hartnett@yopmail.com,Kara-Lynn.Hartnett@gmail.com,police officer
687,Lita,Stanwood,Lita.Stanwood@yopmail.com,Lita.Stanwood@gmail.com,doctor
688,Roxane,Whittaker,Roxane.Whittaker@yopmail.com,Roxane.Whittaker@gmail.com,police officer
689,Cassandra,Lipson,Cassandra.Lipson@yopmail.com,Cassandra.Lipson@gmail.com,firefighter
690,Loree,Herrera,Loree.Herrera@yopmail.com,Loree.Herrera@gmail.com,developer
691,Coral,Hortensia,Coral.Hortensia@yopmail.com,Coral.Hortensia@gmail.com,doctor
692,Grier,Tayib,Grier.Tayib@yopmail.com,Grier.Tayib@gmail.com,police officer
693,Cacilie,Gavrila,Cacilie.Gavrila@yopmail.com,Cacilie.Gavrila@gmail.com,doctor
694,Dione,Sasnett,Dione.Sasnett@yopmail.com,Dione.Sasnett@gmail.com,worker
695,Maye,Bevin,Maye.Bevin@yopmail.com,Maye.Bevin@gmail.com,doctor
696,Shandie,Daniele,Shandie.Daniele@yopmail.com,Shandie.Daniele@gmail.com,police officer
697,Lindie,Cornelia,Lindie.Cornelia@yopmail.com,Lindie.Cornelia@gmail.com,doctor
698,Lusa,Margarete,Lusa.Margarete@yopmail.com,Lusa.Margarete@gmail.com,firefighter
699,Darlleen,Adrienne,Darlleen.Adrienne@yopmail.com,Darlleen.Adrienne@gmail.com,developer
700,Shauna,Holbrook,Shauna.Holbrook@yopmail.com,Shauna.Holbrook@gmail.com,developer
701,Halette,Nunci,Halette.Nunci@yopmail.com,Halette.Nunci@gmail.com,doctor
702,Marleah,Kristi,Marleah.Kristi@yopmail.com,Marleah.Kristi@gmail.com,developer
703,Johna,Fennessy,Johna.Fennessy@yopmail.com,Johna.Fennessy@gmail.com,firefighter
704,Barbara,Dominy,Barbara.Dominy@yopmail.com,Barbara.Dominy@gmail.com,developer
705,Corene,Beniamino,Corene.Beniamino@yopmail.com,Corene.Beniamino@gmail.com,police officer
706,Maryellen,Dorcy,Maryellen.Dorcy@yopmail.com,Maryellen.Dorcy@gmail.com,police officer
707,Corry,Milson,Corry.Milson@yopmail.com,Corry.Milson@gmail.com,doctor
708,Merry,Weaks,Merry.Weaks@yopmail.com,Merry.Weaks@gmail.com,doctor
709,Yvonne,Estella,Yvonne.Estella@yopmail.com,Yvonne.Estella@gmail.com,developer
710,Abbie,Garlinda,Abbie.Garlinda@yopmail.com,Abbie.Garlinda@gmail.com,firefighter
711,Constance,Garlinda,Constance.Garlinda@yopmail.com,Constance.Garlinda@gmail.com,firefighter
712,Rosene,Bigner,Rosene.Bigner@yopmail.com,Rosene.Bigner@gmail.com,worker
713,Sibella,Ammann,Sibella.Ammann@yopmail.com,Sibella.Ammann@gmail.com,doctor
714,Rosene,Elbertina,Rosene.Elbertina@yopmail.com,Rosene.Elbertina@gmail.com,doctor
715,Karina,Dituri,Karina.Dituri@yopmail.com,Karina.Dituri@gmail.com,firefighter
716,Taffy,Honoria,Taffy.Honoria@yopmail.com,Taffy.Honoria@gmail.com,police officer
717,Maud,Buttaro,Maud.Buttaro@yopmail.com,Maud.Buttaro@gmail.com,doctor
718,Lulita,Rogerio,Lulita.Rogerio@yopmail.com,Lulita.Rogerio@gmail.com,developer
719,Gloria,Rillings,Gloria.Rillings@yopmail.com,Gloria.Rillings@gmail.com,police officer
720,Barbara,Madelene,Barbara.Madelene@yopmail.com,Barbara.Madelene@gmail.com,police officer
721,Iseabal,Riva,Iseabal.Riva@yopmail.com,Iseabal.Riva@gmail.com,doctor
722,Clo,Thunell,Clo.Thunell@yopmail.com,Clo.Thunell@gmail.com,developer
723,Olwen,Carolin,Olwen.Carolin@yopmail.com,Olwen.Carolin@gmail.com,worker
724,Ardys,Christine,Ardys.Christine@yopmail.com,Ardys.Christine@gmail.com,doctor
725,Averyl,Isidore,Averyl.Isidore@yopmail.com,Averyl.Isidore@gmail.com,worker
726,Dulcinea,Amadas,Dulcinea.Amadas@yopmail.com,Dulcinea.Amadas@gmail.com,firefighter
727,Janeczka,Denis,Janeczka.Denis@yopmail.com,Janeczka.Denis@gmail.com,developer
728,Jobi,Iaverne,Jobi.Iaverne@yopmail.com,Jobi.Iaverne@gmail.com,doctor
729,Ariela,Damarra,Ariela.Damarra@yopmail.com,Ariela.Damarra@gmail.com,worker
730,Ulrike,Khorma,Ulrike.Khorma@yopmail.com,Ulrike.Khorma@gmail.com,doctor
731,Kary,Kunin,Kary.Kunin@yopmail.com,Kary.Kunin@gmail.com,doctor
732,Micheline,Mallon,Micheline.Mallon@yopmail.com,Micheline.Mallon@gmail.com,developer
733,Bee,Alcott,Bee.Alcott@yopmail.com,Bee.Alcott@gmail.com,developer
734,Evaleen,Aldric,Evaleen.Aldric@yopmail.com,Evaleen.Aldric@gmail.com,developer
735,Patricia,Adalbert,Patricia.Adalbert@yopmail.com,Patricia.Adalbert@gmail.com,worker
736,Concettina,Lissi,Concettina.Lissi@yopmail.com,Concettina.Lissi@gmail.com,developer
737,Carree,Hermes,Carree.Hermes@yopmail.com,Carree.Hermes@gmail.com,worker
738,Nessie,Thornburg,Nessie.Thornburg@yopmail.com,Nessie.Thornburg@gmail.com,doctor
739,Roseline,Peti,Roseline.Peti@yopmail.com,Roseline.Peti@gmail.com,police officer
740,Lilith,Angelis,Lilith.Angelis@yopmail.com,Lilith.Angelis@gmail.com,firefighter
741,Gwenneth,Shields,Gwenneth.Shields@yopmail.com,Gwenneth.Shields@gmail.com,worker
742,Maye,Bonilla,Maye.Bonilla@yopmail.com,Maye.Bonilla@gmail.com,developer
743,Frieda,McAdams,Frieda.McAdams@yopmail.com,Frieda.McAdams@gmail.com,police officer
744,Kaia,Ochs,Kaia.Ochs@yopmail.com,Kaia.Ochs@gmail.com,doctor
745,Betta,Neva,Betta.Neva@yopmail.com,Betta.Neva@gmail.com,police officer
746,Britni,Weinreb,Britni.Weinreb@yopmail.com,Britni.Weinreb@gmail.com,developer
747,Selma,Francene,Selma.Francene@yopmail.com,Selma.Francene@gmail.com,firefighter
748,Genovera,Edmund,Genovera.Edmund@yopmail.com,Genovera.Edmund@gmail.com,firefighter
749,Valeda,Ashely,Valeda.Ashely@yopmail.com,Valeda.Ashely@gmail.com,police officer
750,Emmey,Vary,Emmey.Vary@yopmail.com,Emmey.Vary@gmail.com,worker
751,Dari,Hamil,Dari.Hamil@yopmail.com,Dari.Hamil@gmail.com,worker
752,Belva,Lumbard,Belva.Lumbard@yopmail.com,Belva.Lumbard@gmail.com,doctor
753,Joane,Trace,Joane.Trace@yopmail.com,Joane.Trace@gmail.com,worker
754,Raf,Aloise,Raf.Aloise@yopmail.com,Raf.Aloise@gmail.com,doctor
755,Hettie,Turne,Hettie.Turne@yopmail.com,Hettie.Turne@gmail.com,worker
756,Betta,Diann,Betta.Diann@yopmail.com,Betta.Diann@gmail.com,doctor
757,Jacquetta,Dermott,Jacquetta.Dermott@yopmail.com,Jacquetta.Dermott@gmail.com,doctor
758,Cacilie,Means,Cacilie.Means@yopmail.com,Cacilie.Means@gmail.com,worker
759,Elmira,Marijo,Elmira.Marijo@yopmail.com,Elmira.Marijo@gmail.com,doctor
760,Darci,Edee,Darci.Edee@yopmail.com,Darci.Edee@gmail.com,worker
761,Florencia,Sancho,Florencia.Sancho@yopmail.com,Florencia.Sancho@gmail.com,doctor
762,Arabel,Toor,Arabel.Toor@yopmail.com,Arabel.Toor@gmail.com,worker
763,Elyssa,Serilda,Elyssa.Serilda@yopmail.com,Elyssa.Serilda@gmail.com,doctor
764,Karolina,Skell,Karolina.Skell@yopmail.com,Karolina.Skell@gmail.com,developer
765,Tressa,Frodi,Tressa.Frodi@yopmail.com,Tressa.Frodi@gmail.com,firefighter
766,Dagmar,Taima,Dagmar.Taima@yopmail.com,Dagmar.Taima@gmail.com,firefighter
767,Celisse,Gusella,Celisse.Gusella@yopmail.com,Celisse.Gusella@gmail.com,firefighter
768,Letizia,Nester,Letizia.Nester@yopmail.com,Letizia.Nester@gmail.com,firefighter
769,Joceline,Brian,Joceline.Brian@yopmail.com,Joceline.Brian@gmail.com,doctor
770,Theodora,Persse,Theodora.Persse@yopmail.com,Theodora.Persse@gmail.com,doctor
771,Goldie,Lattie,Goldie.Lattie@yopmail.com,Goldie.Lattie@gmail.com,police officer
772,Ilse,Scammon,Ilse.Scammon@yopmail.com,Ilse.Scammon@gmail.com,firefighter
773,Lynea,Bevin,Lynea.Bevin@yopmail.com,Lynea.Bevin@gmail.com,police officer
774,Shel,O'Carroll,Shel.O'Carroll@yopmail.com,Shel.O'Carroll@gmail.com,police officer
775,Ilse,Lorain,Ilse.Lorain@yopmail.com,Ilse.Lorain@gmail.com,firefighter
776,Corry,Crudden,Corry.Crudden@yopmail.com,Corry.Crudden@gmail.com,worker
777,Heddie,Dyche,Heddie.Dyche@yopmail.com,Heddie.Dyche@gmail.com,worker
778,Benita,Colleen,Benita.Colleen@yopmail.com,Benita.Colleen@gmail.com,worker
779,Emilia,Sigfrid,Emilia.Sigfrid@yopmail.com,Emilia.Sigfrid@gmail.com,developer
780,Averyl,Gordon,Averyl.Gordon@yopmail.com,Averyl.Gordon@gmail.com,firefighter
781,Janey,Zola,Janey.Zola@yopmail.com,Janey.Zola@gmail.com,developer
782,Jenilee,Fiester,Jenilee.Fiester@yopmail.com,Jenilee.Fiester@gmail.com,developer
783,Carree,Dyche,Carree.Dyche@yopmail.com,Carree.Dyche@gmail.com,firefighter
784,Marita,Schalles,Marita.Schalles@yopmail.com,Marita.Schalles@gmail.com,police officer
785,Clarice,Avi,Clarice.Avi@yopmail.com,Clarice.Avi@gmail.com,worker
786,Gretal,Goth,Gretal.Goth@yopmail.com,Gretal.Goth@gmail.com,doctor
787,Clo,Elvyn,Clo.Elvyn@yopmail.com,Clo.Elvyn@gmail.com,worker
788,Audrie,Birdella,Audrie.Birdella@yopmail.com,Audrie.Birdella@gmail.com,firefighter
789,Miquela,Buffum,Miquela.Buffum@yopmail.com,Miquela.Buffum@gmail.com,firefighter
790,Micheline,Emerson,Micheline.Emerson@yopmail.com,Micheline.Emerson@gmail.com,worker
791,Starla,Rogerio,Starla.Rogerio@yopmail.com,Starla.Rogerio@gmail.com,firefighter
792,Zsa Zsa,Israeli,Zsa Zsa.Israeli@yopmail.com,Zsa Zsa.Israeli@gmail.com,firefighter
793,Vonny,Niccolo,Vonny.Niccolo@yopmail.com,Vonny.Niccolo@gmail.com,developer
794,Hollie,Guthrie,Hollie.Guthrie@yopmail.com,Hollie.Guthrie@gmail.com,police officer
795,Sherrie,Carri,Sherrie.Carri@yopmail.com,Sherrie.Carri@gmail.com,police officer
796,Paule,Brittani,Paule.Brittani@yopmail.com,Paule.Brittani@gmail.com,police officer
797,Rori,Darbie,Rori.Darbie@yopmail.com,Rori.Darbie@gmail.com,doctor
798,Jaclyn,Nickola,Jaclyn.Nickola@yopmail.com,Jaclyn.Nickola@gmail.com,doctor
799,Laure,Haldas,Laure.Haldas@yopmail.com,Laure.Haldas@gmail.com,doctor
800,Ginnie,Sisile,Ginnie.Sisile@yopmail.com,Ginnie.Sisile@gmail.com,police officer
801,Dominga,Ammann,Dominga.Ammann@yopmail.com,Dominga.Ammann@gmail.com,developer
802,Vita,Montgomery,Vita.Montgomery@yopmail.com,Vita.Montgomery@gmail.com,firefighter
803,Di,Ajay,Di.Ajay@yopmail.com,Di.Ajay@gmail.com,developer
804,Jessamyn,Skell,Jessamyn.Skell@yopmail.com,Jessamyn.Skell@gmail.com,developer
805,Brynna,Ashok,Brynna.Ashok@yopmail.com,Brynna.Ashok@gmail.com,police officer
806,Arlina,Bahr,Arlina.Bahr@yopmail.com,Arlina.Bahr@gmail.com,police officer
807,Tybie,Viddah,Tybie.Viddah@yopmail.com,Tybie.Viddah@gmail.com,doctor
808,Correy,Carvey,Correy.Carvey@yopmail.com,Correy.Carvey@gmail.com,doctor
809,Kalina,Jagir,Kalina.Jagir@yopmail.com,Kalina.Jagir@gmail.com,developer
810,Gilda,Tice,Gilda.Tice@yopmail.com,Gilda.Tice@gmail.com,firefighter
811,Helsa,Buffum,Helsa.Buffum@yopmail.com,Helsa.Buffum@gmail.com,developer
812,Florie,Brodench,Florie.Brodench@yopmail.com,Florie.Brodench@gmail.com,worker
813,Alleen,Euridice,Alleen.Euridice@yopmail.com,Alleen.Euridice@gmail.com,firefighter
814,Berget,Zamora,Berget.Zamora@yopmail.com,Berget.Zamora@gmail.com,police officer
815,Ruthe,Poppy,Ruthe.Poppy@yopmail.com,Ruthe.Poppy@gmail.com,worker
816,Corina,Tremayne,Corina.Tremayne@yopmail.com,Corina.Tremayne@gmail.com,police officer
817,Nananne,Helve,Nananne.Helve@yopmail.com,Nananne.Helve@gmail.com,firefighter
818,Vevay,Virgin,Vevay.Virgin@yopmail.com,Vevay.Virgin@gmail.com,developer
819,Tani,Wilkinson,Tani.Wilkinson@yopmail.com,Tani.Wilkinson@gmail.com,firefighter
820,Trixi,Ciapas,Trixi.Ciapas@yopmail.com,Trixi.Ciapas@gmail.com,doctor
821,Lacie,Ummersen,Lacie.Ummersen@yopmail.com,Lacie.Ummersen@gmail.com,doctor
822,Kellen,Gaspard,Kellen.Gaspard@yopmail.com,Kellen.Gaspard@gmail.com,developer
823,Odessa,Loring,Odessa.Loring@yopmail.com,Odessa.Loring@gmail.com,developer
824,Thalia,Scammon,Thalia.Scammon@yopmail.com,Thalia.Scammon@gmail.com,doctor
825,Gui,Janith,Gui.Janith@yopmail.com,Gui.Janith@gmail.com,firefighter
826,Merrie,Tamsky,Merrie.Tamsky@yopmail.com,Merrie.Tamsky@gmail.com,police officer
827,Libbie,Carri,Libbie.Carri@yopmail.com,Libbie.Carri@gmail.com,firefighter
828,Claudina,Winthorpe,Claudina.Winthorpe@yopmail.com,Claudina.Winthorpe@gmail.com,police officer
829,Gusella,Elisha,Gusella.Elisha@yopmail.com,Gusella.Elisha@gmail.com,developer
830,Roz,Kendrick,Roz.Kendrick@yopmail.com,Roz.Kendrick@gmail.com,firefighter
831,Gratia,Hartnett,Gratia.Hartnett@yopmail.com,Gratia.Hartnett@gmail.com,worker
832,Margarette,McAdams,Margarette.McAdams@yopmail.com,Margarette.McAdams@gmail.com,worker
833,Ninnetta,Strephon,Ninnetta.Strephon@yopmail.com,Ninnetta.Strephon@gmail.com,developer
834,Kary,Stevy,Kary.Stevy@yopmail.com,Kary.Stevy@gmail.com,developer
835,Codie,Bonilla,Codie.Bonilla@yopmail.com,Codie.Bonilla@gmail.com,doctor
836,Libbie,Elvyn,Libbie.Elvyn@yopmail.com,Libbie.Elvyn@gmail.com,doctor
837,Ernesta,Oriana,Ernesta.Oriana@yopmail.com,Ernesta.Oriana@gmail.com,doctor
838,Sabina,Velick,Sabina.Velick@yopmail.com,Sabina.Velick@gmail.com,police officer
839,Fawne,Richers,Fawne.Richers@yopmail.com,Fawne.Richers@gmail.com,worker
840,Georgetta,Swanhildas,Georgetta.Swanhildas@yopmail.com,Georgetta.Swanhildas@gmail.com,police officer
841,Binny,Chandler,Binny.Chandler@yopmail.com,Binny.Chandler@gmail.com,doctor
842,Millie,Elvyn,Millie.Elvyn@yopmail.com,Millie.Elvyn@gmail.com,firefighter
843,Frances,Lory,Frances.Lory@yopmail.com,Frances.Lory@gmail.com,firefighter
844,Merrie,Voletta,Merrie.Voletta@yopmail.com,Merrie.Voletta@gmail.com,police officer
845,Fina,Aprile,Fina.Aprile@yopmail.com,Fina.Aprile@gmail.com,police officer
846,Romona,Amadas,Romona.Amadas@yopmail.com,Romona.Amadas@gmail.com,developer
847,Allyce,Eno,Allyce.Eno@yopmail.com,Allyce.Eno@gmail.com,worker
848,Malina,Seagraves,Malina.Seagraves@yopmail.com,Malina.Seagraves@gmail.com,firefighter
849,Roxane,Raychel,Roxane.Raychel@yopmail.com,Roxane.Raychel@gmail.com,firefighter
850,Dianemarie,Morrill,Dianemarie.Morrill@yopmail.com,Dianemarie.Morrill@gmail.com,developer
851,Latisha,Wildermuth,Latisha.Wildermuth@yopmail.com,Latisha.Wildermuth@gmail.com,firefighter
852,Vita,Malvino,Vita.Malvino@yopmail.com,Vita.Malvino@gmail.com,firefighter
853,Kristina,Maisey,Kristina.Maisey@yopmail.com,Kristina.Maisey@gmail.com,doctor
854,Sashenka,Tristram,Sashenka.Tristram@yopmail.com,Sashenka.Tristram@gmail.com,developer
855,Stevana,Lay,Stevana.Lay@yopmail.com,Stevana.Lay@gmail.com,firefighter
856,Dede,Gunn,Dede.Gunn@yopmail.com,Dede.Gunn@gmail.com,developer
857,Linzy,Elo,Linzy.Elo@yopmail.com,Linzy.Elo@gmail.com,developer
858,Myrtice,Ellord,Myrtice.Ellord@yopmail.com,Myrtice.Ellord@gmail.com,worker
859,Clementine,Haerr,Clementine.Haerr@yopmail.com,Clementine.Haerr@gmail.com,worker
860,Marcy,Lemuela,Marcy.Lemuela@yopmail.com,Marcy.Lemuela@gmail.com,firefighter
861,Latisha,Warthman,Latisha.Warthman@yopmail.com,Latisha.Warthman@gmail.com,worker
862,Nyssa,Frendel,Nyssa.Frendel@yopmail.com,Nyssa.Frendel@gmail.com,developer
863,Leanna,Teryn,Leanna.Teryn@yopmail.com,Leanna.Teryn@gmail.com,developer
864,Talya,Scammon,Talya.Scammon@yopmail.com,Talya.Scammon@gmail.com,police officer
865,Steffane,Japeth,Steffane.Japeth@yopmail.com,Steffane.Japeth@gmail.com,police officer
866,Dacia,Bonilla,Dacia.Bonilla@yopmail.com,Dacia.Bonilla@gmail.com,developer
867,Nikki,Clara,Nikki.Clara@yopmail.com,Nikki.Clara@gmail.com,worker
868,Regina,Maroney,Regina.Maroney@yopmail.com,Regina.Maroney@gmail.com,firefighter
869,Vonny,Carvey,Vonny.Carvey@yopmail.com,Vonny.Carvey@gmail.com,doctor
870,Dulcinea,Zuzana,Dulcinea.Zuzana@yopmail.com,Dulcinea.Zuzana@gmail.com,developer
871,Jacenta,Natica,Jacenta.Natica@yopmail.com,Jacenta.Natica@gmail.com,worker
872,Marita,Sacken,Marita.Sacken@yopmail.com,Marita.Sacken@gmail.com,police officer
873,Chloris,Pillsbury,Chloris.Pillsbury@yopmail.com,Chloris.Pillsbury@gmail.com,police officer
874,Georgetta,Noam,Georgetta.Noam@yopmail.com,Georgetta.Noam@gmail.com,worker
875,Edyth,Kare,Edyth.Kare@yopmail.com,Edyth.Kare@gmail.com,worker
876,Aurelie,Egbert,Aurelie.Egbert@yopmail.com,Aurelie.Egbert@gmail.com,firefighter
877,Dyann,Aaberg,Dyann.Aaberg@yopmail.com,Dyann.Aaberg@gmail.com,doctor
878,Kimmy,Peti,Kimmy.Peti@yopmail.com,Kimmy.Peti@gmail.com,firefighter
879,Coral,Bergman,Coral.Bergman@yopmail.com,Coral.Bergman@gmail.com,police officer
880,Alisha,Wenda,Alisha.Wenda@yopmail.com,Alisha.Wenda@gmail.com,firefighter
881,Ayn,Jaylene,Ayn.Jaylene@yopmail.com,Ayn.Jaylene@gmail.com,doctor
882,Joleen,Ovid,Joleen.Ovid@yopmail.com,Joleen.Ovid@gmail.com,firefighter
883,Ardeen,Belldas,Ardeen.Belldas@yopmail.com,Ardeen.Belldas@gmail.com,police officer
884,Blake,Nikaniki,Blake.Nikaniki@yopmail.com,Blake.Nikaniki@gmail.com,firefighter
885,Tami,Billye,Tami.Billye@yopmail.com,Tami.Billye@gmail.com,police officer
886,Berget,Pierette,Berget.Pierette@yopmail.com,Berget.Pierette@gmail.com,worker
887,Silvana,Fink,Silvana.Fink@yopmail.com,Silvana.Fink@gmail.com,police officer
888,Selma,Kiersten,Selma.Kiersten@yopmail.com,Selma.Kiersten@gmail.com,police officer
889,Dotty,Aaberg,Dotty.Aaberg@yopmail.com,Dotty.Aaberg@gmail.com,firefighter
890,Jsandye,Lucienne,Jsandye.Lucienne@yopmail.com,Jsandye.Lucienne@gmail.com,worker
891,Wendi,Bettine,Wendi.Bettine@yopmail.com,Wendi.Bettine@gmail.com,developer
892,Gale,Cutlerr,Gale.Cutlerr@yopmail.com,Gale.Cutlerr@gmail.com,developer
893,Brandise,Primalia,Brandise.Primalia@yopmail.com,Brandise.Primalia@gmail.com,police officer
894,Linzy,Ricarda,Linzy.Ricarda@yopmail.com,Linzy.Ricarda@gmail.com,firefighter
895,Pamella,Riva,Pamella.Riva@yopmail.com,Pamella.Riva@gmail.com,worker
896,Madelle,Ax,Madelle.Ax@yopmail.com,Madelle.Ax@gmail.com,doctor
897,Gwyneth,Tillford,Gwyneth.Tillford@yopmail.com,Gwyneth.Tillford@gmail.com,police officer
898,Cecile,Wareing,Cecile.Wareing@yopmail.com,Cecile.Wareing@gmail.com,firefighter
899,Marti,Ralfston,Marti.Ralfston@yopmail.com,Marti.Ralfston@gmail.com,doctor
900,Violet,Cyrie,Violet.Cyrie@yopmail.com,Violet.Cyrie@gmail.com,developer
901,Dorene,Evangelia,Dorene.Evangelia@yopmail.com,Dorene.Evangelia@gmail.com,doctor
902,Jemie,Dituri,Jemie.Dituri@yopmail.com,Jemie.Dituri@gmail.com,police officer
903,Brietta,Libna,Brietta.Libna@yopmail.com,Brietta.Libna@gmail.com,firefighter
904,Sheelagh,Jerold,Sheelagh.Jerold@yopmail.com,Sheelagh.Jerold@gmail.com,worker
905,Sibella,Trinetta,Sibella.Trinetta@yopmail.com,Sibella.Trinetta@gmail.com,police officer
906,Addia,Aida,Addia.Aida@yopmail.com,Addia.Aida@gmail.com,police officer
907,Kittie,Garbe,Kittie.Garbe@yopmail.com,Kittie.Garbe@gmail.com,police officer
908,Magdalena,Jobi,Magdalena.Jobi@yopmail.com,Magdalena.Jobi@gmail.com,developer
909,Dolli,Catie,Dolli.Catie@yopmail.com,Dolli.Catie@gmail.com,developer
910,Margette,Cohdwell,Margette.Cohdwell@yopmail.com,Margette.Cohdwell@gmail.com,worker
911,Hermione,Atcliffe,Hermione.Atcliffe@yopmail.com,Hermione.Atcliffe@gmail.com,police officer
912,Claudina,Dulciana,Claudina.Dulciana@yopmail.com,Claudina.Dulciana@gmail.com,developer
913,Gilda,Gemini,Gilda.Gemini@yopmail.com,Gilda.Gemini@gmail.com,developer
914,Aeriela,Tiffa,Aeriela.Tiffa@yopmail.com,Aeriela.Tiffa@gmail.com,doctor
915,Edee,Chapland,Edee.Chapland@yopmail.com,Edee.Chapland@gmail.com,doctor
916,Dulcinea,Moseley,Dulcinea.Moseley@yopmail.com,Dulcinea.Moseley@gmail.com,firefighter
917,Betta,Swanhildas,Betta.Swanhildas@yopmail.com,Betta.Swanhildas@gmail.com,developer
918,Kristan,Hunfredo,Kristan.Hunfredo@yopmail.com,Kristan.Hunfredo@gmail.com,police officer
919,Livvyy,McAdams,Livvyy.McAdams@yopmail.com,Livvyy.McAdams@gmail.com,developer
920,Nessie,Carolin,Nessie.Carolin@yopmail.com,Nessie.Carolin@gmail.com,worker
921,Stephanie,Henebry,Stephanie.Henebry@yopmail.com,Stephanie.Henebry@gmail.com,doctor
922,Kayla,Stover,Kayla.Stover@yopmail.com,Kayla.Stover@gmail.com,developer
923,Joleen,Leifeste,Joleen.Leifeste@yopmail.com,Joleen.Leifeste@gmail.com,worker
924,Madalyn,Palocz,Madalyn.Palocz@yopmail.com,Madalyn.Palocz@gmail.com,firefighter
925,Merci,Joni,Merci.Joni@yopmail.com,Merci.Joni@gmail.com,developer
926,Cecile,Forrer,Cecile.Forrer@yopmail.com,Cecile.Forrer@gmail.com,developer
927,Aurelie,Grimbly,Aurelie.Grimbly@yopmail.com,Aurelie.Grimbly@gmail.com,police officer
928,Albertina,Voletta,Albertina.Voletta@yopmail.com,Albertina.Voletta@gmail.com,worker
929,Lindie,Winthorpe,Lindie.Winthorpe@yopmail.com,Lindie.Winthorpe@gmail.com,doctor
930,Millie,Gemini,Millie.Gemini@yopmail.com,Millie.Gemini@gmail.com,developer
931,Gale,Kauppi,Gale.Kauppi@yopmail.com,Gale.Kauppi@gmail.com,doctor
932,Jsandye,Vins,Jsandye.Vins@yopmail.com,Jsandye.Vins@gmail.com,worker
933,Oona,Bakerman,Oona.Bakerman@yopmail.com,Oona.Bakerman@gmail.com,worker
934,Addia,Amadas,Addia.Amadas@yopmail.com,Addia.Amadas@gmail.com,developer
935,Lusa,Monk,Lusa.Monk@yopmail.com,Lusa.Monk@gmail.com,doctor
936,Jerry,Seagraves,Jerry.Seagraves@yopmail.com,Jerry.Seagraves@gmail.com,developer
937,Dania,Karl,Dania.Karl@yopmail.com,Dania.Karl@gmail.com,doctor
938,Mariele,Geffner,Mariele.Geffner@yopmail.com,Mariele.Geffner@gmail.com,worker
939,Jenilee,Garrison,Jenilee.Garrison@yopmail.com,Jenilee.Garrison@gmail.com,firefighter
940,Stephanie,Cath,Stephanie.Cath@yopmail.com,Stephanie.Cath@gmail.com,worker
941,Eve,Prober,Eve.Prober@yopmail.com,Eve.Prober@gmail.com,doctor
942,Beverley,Chrystel,Beverley.Chrystel@yopmail.com,Beverley.Chrystel@gmail.com,firefighter
943,Katleen,Gherardo,Katleen.Gherardo@yopmail.com,Katleen.Gherardo@gmail.com,developer
944,Concettina,Skurnik,Concettina.Skurnik@yopmail.com,Concettina.Skurnik@gmail.com,developer
945,Cacilie,Skurnik,Cacilie.Skurnik@yopmail.com,Cacilie.Skurnik@gmail.com,police officer
946,Charissa,McNully,Charissa.McNully@yopmail.com,Charissa.McNully@gmail.com,worker
947,Gilligan,Damarra,Gilligan.Damarra@yopmail.com,Gilligan.Damarra@gmail.com,firefighter
948,Amelia,Holbrook,Amelia.Holbrook@yopmail.com,Amelia.Holbrook@gmail.com,developer
949,Robinia,Pacorro,Robinia.Pacorro@yopmail.com,Robinia.Pacorro@gmail.com,doctor
950,Janey,Ludewig,Janey.Ludewig@yopmail.com,Janey.Ludewig@gmail.com,developer
951,Emmey,Bluh,Emmey.Bluh@yopmail.com,Emmey.Bluh@gmail.com,doctor
952,Camile,Ellerey,Camile.Ellerey@yopmail.com,Camile.Ellerey@gmail.com,police officer
953,Elyssa,Ellord,Elyssa.Ellord@yopmail.com,Elyssa.Ellord@gmail.com,police officer
954,Tiffie,Dorothy,Tiffie.Dorothy@yopmail.com,Tiffie.Dorothy@gmail.com,firefighter
955,Susette,Horan,Susette.Horan@yopmail.com,Susette.Horan@gmail.com,worker
956,Lily,Billye,Lily.Billye@yopmail.com,Lily.Billye@gmail.com,developer
957,Annaliese,Munn,Annaliese.Munn@yopmail.com,Annaliese.Munn@gmail.com,firefighter
958,Tiffie,Belanger,Tiffie.Belanger@yopmail.com,Tiffie.Belanger@gmail.com,worker
959,Robinia,Roarke,Robinia.Roarke@yopmail.com,Robinia.Roarke@gmail.com,police officer
960,Netty,Lory,Netty.Lory@yopmail.com,Netty.Lory@gmail.com,police officer
961,Netty,Maples,Netty.Maples@yopmail.com,Netty.Maples@gmail.com,firefighter
962,Kenna,Estella,Kenna.Estella@yopmail.com,Kenna.Estella@gmail.com,police officer
963,Briney,Hermes,Briney.Hermes@yopmail.com,Briney.Hermes@gmail.com,developer
964,Maisey,Azeria,Maisey.Azeria@yopmail.com,Maisey.Azeria@gmail.com,firefighter
965,Alie,Oster,Alie.Oster@yopmail.com,Alie.Oster@gmail.com,firefighter
966,Hallie,Valoniah,Hallie.Valoniah@yopmail.com,Hallie.Valoniah@gmail.com,developer
967,Berta,Kazimir,Berta.Kazimir@yopmail.com,Berta.Kazimir@gmail.com,police officer
968,Nerta,Anselmi,Nerta.Anselmi@yopmail.com,Nerta.Anselmi@gmail.com,doctor
969,Ida,Secrest,Ida.Secrest@yopmail.com,Ida.Secrest@gmail.com,firefighter
970,Tarra,Penelopa,Tarra.Penelopa@yopmail.com,Tarra.Penelopa@gmail.com,police officer
971,Xylina,Hamil,Xylina.Hamil@yopmail.com,Xylina.Hamil@gmail.com,doctor
972,Amalie,Woodberry,Amalie.Woodberry@yopmail.com,Amalie.Woodberry@gmail.com,doctor
973,Olivette,Erlandson,Olivette.Erlandson@yopmail.com,Olivette.Erlandson@gmail.com,police officer
974,Maisey,Thema,Maisey.Thema@yopmail.com,Maisey.Thema@gmail.com,firefighter
975,Rosaline,Angelis,Rosaline.Angelis@yopmail.com,Rosaline.Angelis@gmail.com,police officer
976,Charmaine,Thema,Charmaine.Thema@yopmail.com,Charmaine.Thema@gmail.com,doctor
977,Lynnea,Juan,Lynnea.Juan@yopmail.com,Lynnea.Juan@gmail.com,firefighter
978,Starla,Teryn,Starla.Teryn@yopmail.com,Starla.Teryn@gmail.com,firefighter
979,Hannis,Fink,Hannis.Fink@yopmail.com,Hannis.Fink@gmail.com,developer
980,Ofilia,Winthorpe,Ofilia.Winthorpe@yopmail.com,Ofilia.Winthorpe@gmail.com,developer
981,Sabina,Alabaster,Sabina.Alabaster@yopmail.com,Sabina.Alabaster@gmail.com,developer
982,Alex,Kussell,Alex.Kussell@yopmail.com,Alex.Kussell@gmail.com,firefighter
983,Bibby,Docilla,Bibby.Docilla@yopmail.com,Bibby.Docilla@gmail.com,police officer
984,Gloria,Louanna,Gloria.Louanna@yopmail.com,Gloria.Louanna@gmail.com,doctor
985,Marylou,Kannry,Marylou.Kannry@yopmail.com,Marylou.Kannry@gmail.com,firefighter
986,Harrietta,Diann,Harrietta.Diann@yopmail.com,Harrietta.Diann@gmail.com,firefighter
987,Cristabel,Isidore,Cristabel.Isidore@yopmail.com,Cristabel.Isidore@gmail.com,doctor
988,Alexine,Telfer,Alexine.Telfer@yopmail.com,Alexine.Telfer@gmail.com,worker
989,Berget,Keily,Berget.Keily@yopmail.com,Berget.Keily@gmail.com,police officer
990,Chere,Ambrosia,Chere.Ambrosia@yopmail.com,Chere.Ambrosia@gmail.com,firefighter
991,Carlie,Lipson,Carlie.Lipson@yopmail.com,Carlie.Lipson@gmail.com,doctor
992,Leia,Nicoline,Leia.Nicoline@yopmail.com,Leia.Nicoline@gmail.com,police officer
993,Meriel,Anyah,Meriel.Anyah@yopmail.com,Meriel.Anyah@gmail.com,doctor
994,Valera,Seessel,Valera.Seessel@yopmail.com,Valera.Seessel@gmail.com,worker
995,Janis,Grosz,Janis.Grosz@yopmail.com,Janis.Grosz@gmail.com,doctor
996,Ricky,Rugen,Ricky.Rugen@yopmail.com,Ricky.Rugen@gmail.com,doctor
997,Angelique,Cleo,Angelique.Cleo@yopmail.com,Angelique.Cleo@gmail.com,worker
998,Wendi,Juliet,Wendi.Juliet@yopmail.com,Wendi.Juliet@gmail.com,worker
999,Estell,Yusuk,Estell.Yusuk@yopmail.com,Estell.Yusuk@gmail.com,firefighter
1000,Belinda,Bibi,Belinda.Bibi@yopmail.com,Belinda.Bibi@gmail.com,police officer
1001,Alameda,Allare,Alameda.Allare@yopmail.com,Alameda.Allare@gmail.com,doctor
1002,Marleah,Melan,Marleah.Melan@yopmail.com,Marleah.Melan@gmail.com,police officer
1003,Shaylyn,Silvan,Shaylyn.Silvan@yopmail.com,Shaylyn.Silvan@gmail.com,police officer
1004,Madalyn,Thunell,Madalyn.Thunell@yopmail.com,Madalyn.Thunell@gmail.com,police officer
1005,Eadie,Turne,Eadie.Turne@yopmail.com,Eadie.Turne@gmail.com,developer
1006,Phylis,McGrody,Phylis.McGrody@yopmail.com,Phylis.McGrody@gmail.com,firefighter
1007,Marcelline,Jehu,Marcelline.Jehu@yopmail.com,Marcelline.Jehu@gmail.com,doctor
1008,Brianna,Cressida,Brianna.Cressida@yopmail.com,Brianna.Cressida@gmail.com,police officer
1009,Brynna,Newell,Brynna.Newell@yopmail.com,Brynna.Newell@gmail.com,developer
1010,Gusty,Neils,Gusty.Neils@yopmail.com,Gusty.Neils@gmail.com,firefighter
1011,Danny,Damarra,Danny.Damarra@yopmail.com,Danny.Damarra@gmail.com,firefighter
1012,Addia,Simmonds,Addia.Simmonds@yopmail.com,Addia.Simmonds@gmail.com,police officer
1013,Alie,Sasnett,Alie.Sasnett@yopmail.com,Alie.Sasnett@gmail.com,police officer
1014,Darci,Pillsbury,Darci.Pillsbury@yopmail.com,Darci.Pillsbury@gmail.com,police officer
1015,Fayre,Sidonius,Fayre.Sidonius@yopmail.com,Fayre.Sidonius@gmail.com,doctor
1016,Kary,Wind,Kary.Wind@yopmail.com,Kary.Wind@gmail.com,developer
1017,Ellette,Rurik,Ellette.Rurik@yopmail.com,Ellette.Rurik@gmail.com,firefighter
1018,Aigneis,Blase,Aigneis.Blase@yopmail.com,Aigneis.Blase@gmail.com,developer
1019,Frieda,Dom,Frieda.Dom@yopmail.com,Frieda.Dom@gmail.com,doctor
1020,Meriel,Mehalek,Meriel.Mehalek@yopmail.com,Meriel.Mehalek@gmail.com,firefighter
1021,Roslyn,Raychel,Roslyn.Raychel@yopmail.com,Roslyn.Raychel@gmail.com,worker
1022,Adele,Sprage,Adele.Sprage@yopmail.com,Adele.Sprage@gmail.com,police officer
1023,Abbie,Dannye,Abbie.Dannye@yopmail.com,Abbie.Dannye@gmail.com,worker
1024,Cindelyn,Mendez,Cindelyn.Mendez@yopmail.com,Cindelyn.Mendez@gmail.com,firefighter
1025,Gratia,Bandeen,Gratia.Bandeen@yopmail.com,Gratia.Bandeen@gmail.com,firefighter
1026,Arabel,Eachern,Arabel.Eachern@yopmail.com,Arabel.Eachern@gmail.com,developer
1027,Stephanie,Malanie,Stephanie.Malanie@yopmail.com,Stephanie.Malanie@gmail.com,police officer
1028,Frank,Faust,Frank.Faust@yopmail.com,Frank.Faust@gmail.com,worker
1029,Susan,Lory,Susan.Lory@yopmail.com,Susan.Lory@gmail.com,worker
1030,Helena,Clie,Helena.Clie@yopmail.com,Helena.Clie@gmail.com,firefighter
1031,Reeba,Dawkins,Reeba.Dawkins@yopmail.com,Reeba.Dawkins@gmail.com,police officer
1032,Daryl,Elvyn,Daryl.Elvyn@yopmail.com,Daryl.Elvyn@gmail.com,doctor
1033,Kathy,Pip,Kathy.Pip@yopmail.com,Kathy.Pip@gmail.com,firefighter
1034,Karena,Carri,Karena.Carri@yopmail.com,Karena.Carri@gmail.com,police officer
1035,Mireielle,Ochs,Mireielle.Ochs@yopmail.com,Mireielle.Ochs@gmail.com,doctor
1036,Halette,Bach,Halette.Bach@yopmail.com,Halette.Bach@gmail.com,police officer
1037,Harmonia,Saunderson,Harmonia.Saunderson@yopmail.com,Harmonia.Saunderson@gmail.com,firefighter
1038,Jan,Hillel,Jan.Hillel@yopmail.com,Jan.Hillel@gmail.com,developer
1039,Brietta,Gilbertson,Brietta.Gilbertson@yopmail.com,Brietta.Gilbertson@gmail.com,firefighter
1040,Joy,Gavrila,Joy.Gavrila@yopmail.com,Joy.Gavrila@gmail.com,developer
1041,Elie,Demitria,Elie.Demitria@yopmail.com,Elie.Demitria@gmail.com,doctor
1042,Isa,Imelida,Isa.Imelida@yopmail.com,Isa.Imelida@gmail.com,firefighter
1043,Clary,Nisbet,Clary.Nisbet@yopmail.com,Clary.Nisbet@gmail.com,firefighter
1044,Ernesta,Shields,Ernesta.Shields@yopmail.com,Ernesta.Shields@gmail.com,doctor
1045,Cam,Yoko,Cam.Yoko@yopmail.com,Cam.Yoko@gmail.com,police officer
1046,Sue,Irmine,Sue.Irmine@yopmail.com,Sue.Irmine@gmail.com,doctor
1047,Minda,Haerr,Minda.Haerr@yopmail.com,Minda.Haerr@gmail.com,firefighter
1048,Lonnie,Ciapas,Lonnie.Ciapas@yopmail.com,Lonnie.Ciapas@gmail.com,worker
1049,Mireielle,Orpah,Mireielle.Orpah@yopmail.com,Mireielle.Orpah@gmail.com,doctor
1050,Ilse,Orpah,Ilse.Orpah@yopmail.com,Ilse.Orpah@gmail.com,developer
1051,Darlleen,Mott,Darlleen.Mott@yopmail.com,Darlleen.Mott@gmail.com,police officer
1052,Carlie,Burch,Carlie.Burch@yopmail.com,Carlie.Burch@gmail.com,developer
1053,Aubrie,Sisile,Aubrie.Sisile@yopmail.com,Aubrie.Sisile@gmail.com,firefighter
1054,Ruthe,Egbert,Ruthe.Egbert@yopmail.com,Ruthe.Egbert@gmail.com,police officer
1055,Aryn,Firmin,Aryn.Firmin@yopmail.com,Aryn.Firmin@gmail.com,firefighter
1056,Vivia,Anestassia,Vivia.Anestassia@yopmail.com,Vivia.Anestassia@gmail.com,firefighter
1057,Lucy,Calhoun,Lucy.Calhoun@yopmail.com,Lucy.Calhoun@gmail.com,developer
1058,Tera,Creamer,Tera.Creamer@yopmail.com,Tera.Creamer@gmail.com,police officer
1059,Maridel,Roscoe,Maridel.Roscoe@yopmail.com,Maridel.Roscoe@gmail.com,police officer
1060,Melanie,Septima,Melanie.Septima@yopmail.com,Melanie.Septima@gmail.com,police officer
1061,Jorry,Martsen,Jorry.Martsen@yopmail.com,Jorry.Martsen@gmail.com,firefighter
1062,Dawn,Lay,Dawn.Lay@yopmail.com,Dawn.Lay@gmail.com,police officer
1063,Dotty,Helve,Dotty.Helve@yopmail.com,Dotty.Helve@gmail.com,police officer
1064,Melina,Christal,Melina.Christal@yopmail.com,Melina.Christal@gmail.com,doctor
1065,Dede,Meli,Dede.Meli@yopmail.com,Dede.Meli@gmail.com,police officer
1066,Kate,Drus,Kate.Drus@yopmail.com,Kate.Drus@gmail.com,worker
1067,Annabela,Serilda,Annabela.Serilda@yopmail.com,Annabela.Serilda@gmail.com,worker
1068,Ebonee,Hoenack,Ebonee.Hoenack@yopmail.com,Ebonee.Hoenack@gmail.com,doctor
1069,Silvana,Douglass,Silvana.Douglass@yopmail.com,Silvana.Douglass@gmail.com,developer
1070,Devina,Havens,Devina.Havens@yopmail.com,Devina.Havens@gmail.com,doctor
1071,Sheree,Fillbert,Sheree.Fillbert@yopmail.com,Sheree.Fillbert@gmail.com,worker
1072,Priscilla,Lucienne,Priscilla.Lucienne@yopmail.com,Priscilla.Lucienne@gmail.com,police officer
1073,Lauryn,Ingra,Lauryn.Ingra@yopmail.com,Lauryn.Ingra@gmail.com,firefighter
1074,Kenna,Alfons,Kenna.Alfons@yopmail.com,Kenna.Alfons@gmail.com,doctor
1075,Violet,Bates,Violet.Bates@yopmail.com,Violet.Bates@gmail.com,worker
1076,Neila,Zina,Neila.Zina@yopmail.com,Neila.Zina@gmail.com,doctor
1077,Merry,Kirstin,Merry.Kirstin@yopmail.com,Merry.Kirstin@gmail.com,police officer
1078,Sheree,Geffner,Sheree.Geffner@yopmail.com,Sheree.Geffner@gmail.com,worker
1079,Kore,Cadmar,Kore.Cadmar@yopmail.com,Kore.Cadmar@gmail.com,firefighter
1080,Oona,Corrine,Oona.Corrine@yopmail.com,Oona.Corrine@gmail.com,police officer
1081,Anthia,Elsinore,Anthia.Elsinore@yopmail.com,Anthia.Elsinore@gmail.com,developer
1082,Kittie,Westphal,Kittie.Westphal@yopmail.com,Kittie.Westphal@gmail.com,worker
1083,Larine,Vernier,Larine.Vernier@yopmail.com,Larine.Vernier@gmail.com,worker
1084,Shel,Valoniah,Shel.Valoniah@yopmail.com,Shel.Valoniah@gmail.com,developer
1085,Claudina,Chauncey,Claudina.Chauncey@yopmail.com,Claudina.Chauncey@gmail.com,worker
1086,Ruthe,Letsou,Ruthe.Letsou@yopmail.com,Ruthe.Letsou@gmail.com,police officer
1087,Gratia,Zamora,Gratia.Zamora@yopmail.com,Gratia.Zamora@gmail.com,worker
1088,Esmeralda,Bendick,Esmeralda.Bendick@yopmail.com,Esmeralda.Bendick@gmail.com,developer
1089,Nataline,Loeb,Nataline.Loeb@yopmail.com,Nataline.Loeb@gmail.com,police officer
1090,Ninnetta,Ferino,Ninnetta.Ferino@yopmail.com,Ninnetta.Ferino@gmail.com,doctor
1091,Livvyy,Kristi,Livvyy.Kristi@yopmail.com,Livvyy.Kristi@gmail.com,developer
1092,Evaleen,Schwejda,Evaleen.Schwejda@yopmail.com,Evaleen.Schwejda@gmail.com,developer
1093,Eve,Irmine,Eve.Irmine@yopmail.com,Eve.Irmine@gmail.com,police officer
1094,Magdalena,Raseda,Magdalena.Raseda@yopmail.com,Magdalena.Raseda@gmail.com,firefighter
1095,Mallory,Gaynor,Mallory.Gaynor@yopmail.com,Mallory.Gaynor@gmail.com,firefighter
1096,Courtnay,Kalinda,Courtnay.Kalinda@yopmail.com,Courtnay.Kalinda@gmail.com,firefighter
1097,Margalo,Thunell,Margalo.Thunell@yopmail.com,Margalo.Thunell@gmail.com,doctor
1098,Leona,Leler,Leona.Leler@yopmail.com,Leona.Leler@gmail.com,police officer
1099,Pollyanna,Shirberg,Pollyanna.Shirberg@yopmail.com,Pollyanna.Shirberg@gmail.com,firefighter